Workbook

Sheet Start Here
B2: Dissertation Writing Tracker
B3: You can see, every time you open it, whether you are on pace to finish.
B5: HOW TO USE THIS WORKBOOK
B6: 1 · Chapters — one row per chapter: name, word goal, due date, status. Writing something that already has words? Put them in 'Starting words' — progress starts from there.
B7: 2 · Writing Sessions — after every session, one row: date, chapter, minutes, words. Cut more than you wrote? Negative numbers are allowed. 20 seconds of logging, that's the whole habit.
B8: 3 · Dashboard — your pace, live: total words vs. goal, words per day needed, this week vs. last week, your streak, the next deadlines. Never type in a grey cell — grey means it calculates itself.
B9: 4 · Revisions — one row per feedback round (R1–R4): who it came from, when it's due, where it stands.
B10: 5 · Submission & Defense — type your submission deadline into C5 and your defense date into C6. The submission and defense countdowns (and words/day needed) hang off these two cells. Below: the last-mile checklist.
B11: 6 · Lists — all dropdown values, visible and yours to edit.
B13: GOOGLE SHEETS: File → Import → Upload this file. Formulas, dropdowns and colours all survive the trip.
B14: CAPACITY — 25 chapters, 300 writing sessions, 100 revision rounds. Always type into the next empty (pre-filled) row — do not insert new rows: inserted rows have no grey formulas, and rows beyond the capacity are not counted. Duplicate the file per thesis.
B15: DEMO DATA — the file ships with 5 example chapters and 14 example sessions whose dates move with today, so the Dashboard is alive when you open it. Before you start, delete the CONTENTS of these cells (select them and press Delete — never delete whole rows): Chapters rows 5–9, Writing Sessions rows 5–18, Revisions rows 5–7, the two demo dates on Submission & Defense (C5, C6), and reset the three demo checklist statuses (E11, E13, E15) to 'Not started'.
... B21: Questions or a broken formula? Message us on Etsy — we reply within 48 h.

Sheet Dashboard
A1: Dashboard
A2: Your pace, live — every number updates itself from the other sheets. Never type here.
B4: PACE
B5: Total words written | C5: Total word goal | D5: % of goal | E5: Words/day needed | F5: Days to submission
B6: =IFERROR(SUM(Chapters!$G$5:$G$29),0) -> 23420 | C6: =IFERROR(IF(SUM(Chapters!$C$5:$C$29)=0,"—",SUM(Chapters!$C$5:$C$29)),"—") -> 50000 | D6: =IFERROR(IF(SUM(Chapters!$C$5:$C$29)=0,"—",MIN(1,SUM(Chapters!$G$5:$G$29)/SUM(Chapters!$C$5:$C$29))),"—") -> 0.4684 | E6: =IFERROR(IF(OR('Submission & Defense'!$C$5="",SUM(Chapters!$C$5:$C$29)=0),"—",IF('Submission & Defense'!$C$5-TODAY()<=0,"—",MAX(0,ROUND((SUM(Chapters!$C$5:$C$29)-SUM(Chapters!$G$5:$G$29))/('Submission & Defense'!$C$5-TODAY()),0)))),"—") -> 292 | F6: =IFERROR(IF('Submission & Defense'!$C$5="","—",'Submission & Defense'!$C$5-TODAY()),"—") -> 91
B8: THIS WEEK
B9: Words this week | C9: Words last week | D9: Sessions this week | E9: Minutes this week | F9: Days to defense
B10: =IFERROR(SUMIFS('Writing Sessions'!$E$5:$E$304,'Writing Sessions'!$B$5:$B$304,">="&(TODAY()-WEEKDAY(TODAY(),3)),'Writing Sessions'!$B$5:$B$304,"<="&TODAY()),0) -> 4620 | C10: =IFERROR(SUMIFS('Writing Sessions'!$E$5:$E$304,'Writing Sessions'!$B$5:$B$304,">="&((TODAY()-WEEKDAY(TODAY(),3))-7),'Writing Sessions'!$B$5:$B$304,"<="&((TODAY()-WEEKDAY(TODAY(),3))-1)),0) -> 4450 | D10: =IFERROR(COUNTIFS('Writing Sessions'!$B$5:$B$304,">="&(TODAY()-WEEKDAY(TODAY(),3)),'Writing Sessions'!$B$5:$B$304,"<="&TODAY()),0) -> 6 | E10: =IFERROR(SUMIFS('Writing Sessions'!$D$5:$D$304,'Writing Sessions'!$B$5:$B$304,">="&(TODAY()-WEEKDAY(TODAY(),3)),'Writing Sessions'!$B$5:$B$304,"<="&TODAY()),0) -> 465 | F10: =IFERROR(IF('Submission & Defense'!$C$6="","—",'Submission & Defense'!$C$6-TODAY()),"—") -> 105
B12: MOMENTUM
B13: Writing streak (days) | C13: Active days — last 7 | D13: Best session (words) | E13: Avg words / session | F13: Next revision due (days)
B14: =IFERROR(MIN(30,IF(COUNTIF('Writing Sessions'!$B$5:$B$304,TODAY())>0,1,0)+IF(COUNTIF('Writing Sessions'!$B$5:$B$304,TODAY()-1)=0,0,IF(COUNTIF('Writing Sessions'!$B$5:$B$304,TODAY()-2)=0,1,IF(COUNTIF('Writing Sessions'!$B$5:$B$304,TODAY()-3)=0,2,IF(COUNTIF('Writing Sessions'!$B$5:$B$304,TODAY()-4)=0,3,IF(COUNTIF('Writing Sessions'!$B$5:$B$304,TODAY()-5)=0,4,IF(COUNTIF('Writing Sessions'!$B$5:$B$304,TODAY()-6)=0,5,IF(COUNTIF('Writing Sessions'!$B$5:$B$304,TODAY()-7)=0,6,IF(COUNTIF('Writing Sessions'!$B$5:$B$304,TODAY()-8)=0,7,IF(COUNTIF('Writing Sessions'!$B$5:$B$304,TODAY()-9)=0,8,IF(COUNTIF('Writing Sessions'!$B$5:$B$304,TODAY()-10)=0,9,IF(COUNTIF('Writing Sessions'!$B$5:$B$304,TODAY()-11)=0,10,IF(COUNTIF('Writing Sessions'!$B$5:$B$304,TODAY()-12)=0,11,IF(COUNTIF('Writing Sessions'!$B$5:$B$304,TODAY()-13)=0,12,IF(COUNTIF('Writing Sessions'!$B$5:$B$304,TODAY()-14)=0,13,IF(COUNTIF('Writing Sessions'!$B$5:$B$304,TODAY()-15)=0,14,IF(COUNTIF('Writing Sessions'!$B$5:$B$304,TODAY()-16)=0,15,IF(COUNTIF('Writing Sessions'!$B$5:$B$304,TODAY()-17)=0,16,IF(COUNTIF('Writing Sessions'!$B$5:$B$304,TODAY()-18)=0,17,IF(COUNTIF('Writing Sessions'!$B$5:$B$304,TODAY()-19)=0,18,IF(COUNTIF('Writing Sessions'!$B$5:$B$304,TODAY()-20)=0,19,IF(COUNTIF('Writing Sessions'!$B$5:$B$304,TODAY()-21)=0,20,IF(COUNTIF('Writing Sessions'!$B$5:$B$304,TODAY()-22)=0,21,IF(COUNTIF('Writing Sessions'!$B$5:$B$304,TODAY()-23)=0,22,IF(COUNTIF('Writing Sessions'!$B$5:$B$304,TODAY()-24)=0,23,IF(COUNTIF('Writing Sessions'!$B$5:$B$304,TODAY()-25)=0,24,IF(COUNTIF('Writing Sessions'!$B$5:$B$304,TODAY()-26)=0,25,IF(COUNTIF('Writing Sessions'!$B$5:$B$304,TODAY()-27)=0,26,IF(COUNTIF('Writing Sessions'!$B$5:$B$304,TODAY()-28)=0,27,IF(COUNTIF('Writing Sessions'!$B$5:$B$304,TODAY()-29)=0,28,IF(COUNTIF('Writing Sessions'!$B$5:$B$304,TODAY()-30)=0,29,30))))))))))))))))))))))))))))))),0) -> 5 | C14: =IFERROR(MIN(1,COUNTIF('Writing Sessions'!$B$5:$B$304,TODAY()))+MIN(1,COUNTIF('Writing Sessions'!$B$5:$B$304,TODAY()-1))+MIN(1,COUNTIF('Writing Sessions'!$B$5:$B$304,TODAY()-2))+MIN(1,COUNTIF('Writing Sessions'!$B$5:$B$304,TODAY()-3))+MIN(1,COUNTIF('Writing Sessions'!$B$5:$B$304,TODAY()-4))+MIN(1,COUNTIF('Writing Sessions'!$B$5:$B$304,TODAY()-5))+MIN(1,COUNTIF('Writing Sessions'!$B$5:$B$304,TODAY()-6)),0) -> 6 | D14: =IFERROR(IF(COUNT('Writing Sessions'!$E$5:$E$304)=0,"—",MAX('Writing Sessions'!$E$5:$E$304)),"—") -> 1150 | E14: =IFERROR(IF(COUNT('Writing Sessions'!$E$5:$E$304)=0,"—",ROUND(AVERAGE('Writing Sessions'!$E$5:$E$304),0)),"—") -> 766 | F14: =IFERROR(IF(COUNT(Revisions!$J$5:$J$104)=0,"—",ROUNDDOWN(SMALL(Revisions!$J$5:$J$104,1),0)-TODAY()),"—") -> 4
B16: CHAPTERS | H16: NEXT CHAPTER DEADLINES
B17: Chapter | C17: Goal | D17: Written | E17: % | F17: Status | H17: Chapter | I17: Due | J17: Days
B18: =IFERROR(IF(INDEX(Chapters!$B$5:$B$29,1)="","",INDEX(Chapters!$B$5:$B$29,1)&""),"") -> Introduction | C18: =IFERROR(IF(INDEX(Chapters!$B$5:$B$29,1)="","",IF(INDEX(Chapters!$C$5:$C$29,1)="","—",INDEX(Chapters!$C$5:$C$29,1))),"") -> 8000 | D18: =IFERROR(IF(INDEX(Chapters!$B$5:$B$29,1)="","",INDEX(Chapters!$G$5:$G$29,1)),"") -> 7690 | E18: =IFERROR(IF(INDEX(Chapters!$B$5:$B$29,1)="","",INDEX(Chapters!$H$5:$H$29,1)),"") -> 0.96125 | F18: =IFERROR(IF(INDEX(Chapters!$B$5:$B$29,1)="","",IF(INDEX(Chapters!$E$5:$E$29,1)="","—",INDEX(Chapters!$E$5:$E$29,1)&"")),"") -> Revising | H18: =IFERROR(IF(COUNT(Chapters!$K$5:$K$29)<1,"—",INDEX(Chapters!$B$5:$B$29,MATCH(SMALL(Chapters!$K$5:$K$29,1),Chapters!$K$5:$K$29,0))&""),"—") -> Introduction | I18: =IFERROR(IF(COUNT(Chapters!$K$5:$K$29)<1,"—",ROUNDDOWN(SMALL(Chapters!$K$5:$K$29,1),0)),"—") -> 46250 | J18: =IFERROR(IF(COUNT(Chapters!$K$5:$K$29)<1,"—",ROUNDDOWN(SMALL(Chapters!$K$5:$K$29,1),0)-TODAY()),"—") -> 14
B19: =IFERROR(IF(INDEX(Chapters!$B$5:$B$29,2)="","",INDEX(Chapters!$B$5:$B$29,2)&""),"") -> Literature Review | C19: =IFERROR(IF(INDEX(Chapters!$B$5:$B$29,2)="","",IF(INDEX(Chapters!$C$5:$C$29,2)="","—",INDEX(Chapters!$C$5:$C$29,2))),"") -> 12000 | D19: =IFERROR(IF(INDEX(Chapters!$B$5:$B$29,2)="","",INDEX(Chapters!$G$5:$G$29,2)),"") -> 10580 | E19: =IFERROR(IF(INDEX(Chapters!$B$5:$B$29,2)="","",INDEX(Chapters!$H$5:$H$29,2)),"") -> 0.88166667 | F19: =IFERROR(IF(INDEX(Chapters!$B$5:$B$29,2)="","",IF(INDEX(Chapters!$E$5:$E$29,2)="","—",INDEX(Chapters!$E$5:$E$29,2)&"")),"") -> Drafting | H19: =IFERROR(IF(COUNT(Chapters!$K$5:$K$29)<2,"—",INDEX(Chapters!$B$5:$B$29,MATCH(SMALL(Chapters!$K$5:$K$29,2),Chapters!$K$5:$K$29,0))&""),"—") -> Literature Review | I19: =IFERROR(IF(COUNT(Chapters!$K$5:$K$29)<2,"—",ROUNDDOWN(SMALL(Chapters!$K$5:$K$29,2),0)),"—") -> 46264 | J19: =IFERROR(IF(COUNT(Chapters!$K$5:$K$29)<2,"—",ROUNDDOWN(SMALL(Chapters!$K$5:$K$29,2),0)-TODAY()),"—") -> 28
B20: =IFERROR(IF(INDEX(Chapters!$B$5:$B$29,3)="","",INDEX(Chapters!$B$5:$B$29,3)&""),"") -> Methodology | C20: =IFERROR(IF(INDEX(Chapters!$B$5:$B$29,3)="","",IF(INDEX(Chapters!$C$5:$C$29,3)="","—",INDEX(Chapters!$C$5:$C$29,3))),"") -> 10000 | D20: =IFERROR(IF(INDEX(Chapters!$B$5:$B$29,3)="","",INDEX(Chapters!$G$5:$G$29,3)),"") -> 5150 | E20: =IFERROR(IF(INDEX(Chapters!$B$5:$B$29,3)="","",INDEX(Chapters!$H$5:$H$29,3)),"") -> 0.515 | F20: =IFERROR(IF(INDEX(Chapters!$B$5:$B$29,3)="","",IF(INDEX(Chapters!$E$5:$E$29,3)="","—",INDEX(Chapters!$E$5:$E$29,3)&"")),"") -> Drafting | H20: =IFERROR(IF(COUNT(Chapters!$K$5:$K$29)<3,"—",INDEX(Chapters!$B$5:$B$29,MATCH(SMALL(Chapters!$K$5:$K$29,3),Chapters!$K$5:$K$29,0))&""),"—") -> Methodology | I20: =IFERROR(IF(COUNT(Chapters!$K$5:$K$29)<3,"—",ROUNDDOWN(SMALL(Chapters!$K$5:$K$29,3),0)),"—") -> 46285 | J20: =IFERROR(IF(COUNT(Chapters!$K$5:$K$29)<3,"—",ROUNDDOWN(SMALL(Chapters!$K$5:$K$29,3),0)-TODAY()),"—") -> 49
B21: =IFERROR(IF(INDEX(Chapters!$B$5:$B$29,4)="","",INDEX(Chapters!$B$5:$B$29,4)&""),"") -> Results | C21: =IFERROR(IF(INDEX(Chapters!$B$5:$B$29,4)="","",IF(INDEX(Chapters!$C$5:$C$29,4)="","—",INDEX(Chapters!$C$5:$C$29,4))),"") -> 9000 | D21: =IFERROR(IF(INDEX(Chapters!$B$5:$B$29,4)="","",INDEX(Chapters!$G$5:$G$29,4)),"") -> 0 | E21: =IFERROR(IF(INDEX(Chapters!$B$5:$B$29,4)="","",INDEX(Chapters!$H$5:$H$29,4)),"") -> 0 | F21: =IFERROR(IF(INDEX(Chapters!$B$5:$B$29,4)="","",IF(INDEX(Chapters!$E$5:$E$29,4)="","—",INDEX(Chapters!$E$5:$E$29,4)&"")),"") -> Outlining
B22: =IFERROR(IF(INDEX(Chapters!$B$5:$B$29,5)="","",INDEX(Chapters!$B$5:$B$29,5)&""),"") -> Discussion & Conclusion | C22: =IFERROR(IF(INDEX(Chapters!$B$5:$B$29,5)="","",IF(INDEX(Chapters!$C$5:$C$29,5)="","—",INDEX(Chapters!$C$5:$C$29,5))),"") -> 11000 | D22: =IFERROR(IF(INDEX(Chapters!$B$5:$B$29,5)="","",INDEX(Chapters!$G$5:$G$29,5)),"") -> 0 | E22: =IFERROR(IF(INDEX(Chapters!$B$5:$B$29,5)="","",INDEX(Chapters!$H$5:$H$29,5)),"") -> 0 | F22: =IFERROR(IF(INDEX(Chapters!$B$5:$B$29,5)="","",IF(INDEX(Chapters!$E$5:$E$29,5)="","—",INDEX(Chapters!$E$5:$E$29,5)&"")),"") -> Not started
B23: =IFERROR(IF(INDEX(Chapters!$B$5:$B$29,6)="","",INDEX(Chapters!$B$5:$B$29,6)&""),"") | C23: =IFERROR(IF(INDEX(Chapters!$B$5:$B$29,6)="","",IF(INDEX(Chapters!$C$5:$C$29,6)="","—",INDEX(Chapters!$C$5:$C$29,6))),"") | D23: =IFERROR(IF(INDEX(Chapters!$B$5:$B$29,6)="","",INDEX(Chapters!$G$5:$G$29,6)),"") | E23: =IFERROR(IF(INDEX(Chapters!$B$5:$B$29,6)="","",INDEX(Chapters!$H$5:$H$29,6)),"") | F23: =IFERROR(IF(INDEX(Chapters!$B$5:$B$29,6)="","",IF(INDEX(Chapters!$E$5:$E$29,6)="","—",INDEX(Chapters!$E$5:$E$29,6)&"")),"")
B24: =IFERROR(IF(INDEX(Chapters!$B$5:$B$29,7)="","",INDEX(Chapters!$B$5:$B$29,7)&""),"") | C24: =IFERROR(IF(INDEX(Chapters!$B$5:$B$29,7)="","",IF(INDEX(Chapters!$C$5:$C$29,7)="","—",INDEX(Chapters!$C$5:$C$29,7))),"") | D24: =IFERROR(IF(INDEX(Chapters!$B$5:$B$29,7)="","",INDEX(Chapters!$G$5:$G$29,7)),"") | E24: =IFERROR(IF(INDEX(Chapters!$B$5:$B$29,7)="","",INDEX(Chapters!$H$5:$H$29,7)),"") | F24: =IFERROR(IF(INDEX(Chapters!$B$5:$B$29,7)="","",IF(INDEX(Chapters!$E$5:$E$29,7)="","—",INDEX(Chapters!$E$5:$E$29,7)&"")),"")
B25: =IFERROR(IF(INDEX(Chapters!$B$5:$B$29,8)="","",INDEX(Chapters!$B$5:$B$29,8)&""),"") | C25: =IFERROR(IF(INDEX(Chapters!$B$5:$B$29,8)="","",IF(INDEX(Chapters!$C$5:$C$29,8)="","—",INDEX(Chapters!$C$5:$C$29,8))),"") | D25: =IFERROR(IF(INDEX(Chapters!$B$5:$B$29,8)="","",INDEX(Chapters!$G$5:$G$29,8)),"") | E25: =IFERROR(IF(INDEX(Chapters!$B$5:$B$29,8)="","",INDEX(Chapters!$H$5:$H$29,8)),"") | F25: =IFERROR(IF(INDEX(Chapters!$B$5:$B$29,8)="","",IF(INDEX(Chapters!$E$5:$E$29,8)="","—",INDEX(Chapters!$E$5:$E$29,8)&"")),"")
B26: =IFERROR(IF(COUNTA(Chapters!$B$13:$B$29)=0,"","+"&COUNTA(Chapters!$B$13:$B$29)&" more — see the Chapters sheet"),"")
B27: =IFERROR(IF(COUNTA('Writing Sessions'!$B$5:$B$304)=0,"No sessions logged yet — add your chapters, log your first writing session, and this page fills itself.",""),"")
B28: Never type on this sheet — it computes itself.

Sheet Chapters
A1: Chapters
A2: One row per chapter. Words written pulls itself from your session log — the bar fills as you write. Grey columns calculate themselves.
A4: # | B4: Chapter | C4: Word goal | D4: Due date | E4: Status | F4: Starting words | G4: Words written (auto) | H4: % done (auto) | I4: Days left (auto) | J4: Progress (auto) | K4: Sort key (auto)
A5: =IF(B5="","",ROW()-4) -> 1 | B5: Introduction | C5: 8000 | D5: =TODAY()+14 -> 46250 | E5: Revising | F5: 4200 | G5: =IF(B5="","",IFERROR(IF(F5="",0,F5)+SUMIF('Writing Sessions'!$C$5:$C$304,B5,'Writing Sessions'!$E$5:$E$304),IF(F5="",0,F5))) -> 7690 | H5: =IF(B5="","",IFERROR(IF(C5=0,"—",MIN(1,G5/C5)),"—")) -> 0.96125 | I5: =IF(B5="","",IF(E5="Final","—",IFERROR(IF(D5="","—",D5-TODAY()),"—"))) -> 14 | J5: =IF(B5="","",IFERROR(IF(ISNUMBER(H5),REPT("█",ROUNDDOWN(MAX(0,H5)*10,0))&REPT("░",10-ROUNDDOWN(MAX(0,H5)*10,0)),""),"")) -> █████████░ | K5: =IF(B5="","",IF(E5="Final","",IF(ISNUMBER(D5),D5+ROW()/100000,""))) -> 46250
A6: =IF(B6="","",ROW()-4) -> 2 | B6: Literature Review | C6: 12000 | D6: =TODAY()+28 -> 46264 | E6: Drafting | F6: 5600 | G6: =IF(B6="","",IFERROR(IF(F6="",0,F6)+SUMIF('Writing Sessions'!$C$5:$C$304,B6,'Writing Sessions'!$E$5:$E$304),IF(F6="",0,F6))) -> 10580 | H6: =IF(B6="","",IFERROR(IF(C6=0,"—",MIN(1,G6/C6)),"—")) -> 0.88166667 | I6: =IF(B6="","",IF(E6="Final","—",IFERROR(IF(D6="","—",D6-TODAY()),"—"))) -> 28 | J6: =IF(B6="","",IFERROR(IF(ISNUMBER(H6),REPT("█",ROUNDDOWN(MAX(0,H6)*10,0))&REPT("░",10-ROUNDDOWN(MAX(0,H6)*10,0)),""),"")) -> ████████░░ | K6: =IF(B6="","",IF(E6="Final","",IF(ISNUMBER(D6),D6+ROW()/100000,""))) -> 46264
A7: =IF(B7="","",ROW()-4) -> 3 | B7: Methodology | C7: 10000 | D7: =TODAY()+49 -> 46285 | E7: Drafting | F7: 2900 | G7: =IF(B7="","",IFERROR(IF(F7="",0,F7)+SUMIF('Writing Sessions'!$C$5:$C$304,B7,'Writing Sessions'!$E$5:$E$304),IF(F7="",0,F7))) -> 5150 | H7: =IF(B7="","",IFERROR(IF(C7=0,"—",MIN(1,G7/C7)),"—")) -> 0.515 | I7: =IF(B7="","",IF(E7="Final","—",IFERROR(IF(D7="","—",D7-TODAY()),"—"))) -> 49 | J7: =IF(B7="","",IFERROR(IF(ISNUMBER(H7),REPT("█",ROUNDDOWN(MAX(0,H7)*10,0))&REPT("░",10-ROUNDDOWN(MAX(0,H7)*10,0)),""),"")) -> █████░░░░░ | K7: =IF(B7="","",IF(E7="Final","",IF(ISNUMBER(D7),D7+ROW()/100000,""))) -> 46285
A8: =IF(B8="","",ROW()-4) -> 4 | B8: Results | C8: 9000 | D8: =TODAY()+70 -> 46306 | E8: Outlining | G8: =IF(B8="","",IFERROR(IF(F8="",0,F8)+SUMIF('Writing Sessions'!$C$5:$C$304,B8,'Writing Sessions'!$E$5:$E$304),IF(F8="",0,F8))) -> 0 | H8: =IF(B8="","",IFERROR(IF(C8=0,"—",MIN(1,G8/C8)),"—")) -> 0 | I8: =IF(B8="","",IF(E8="Final","—",IFERROR(IF(D8="","—",D8-TODAY()),"—"))) -> 70 | J8: =IF(B8="","",IFERROR(IF(ISNUMBER(H8),REPT("█",ROUNDDOWN(MAX(0,H8)*10,0))&REPT("░",10-ROUNDDOWN(MAX(0,H8)*10,0)),""),"")) -> ░░░░░░░░░░ | K8: =IF(B8="","",IF(E8="Final","",IF(ISNUMBER(D8),D8+ROW()/100000,""))) -> 46306
A9: =IF(B9="","",ROW()-4) -> 5 | B9: Discussion & Conclusion | C9: 11000 | D9: =TODAY()+91 -> 46327 | E9: Not started | G9: =IF(B9="","",IFERROR(IF(F9="",0,F9)+SUMIF('Writing Sessions'!$C$5:$C$304,B9,'Writing Sessions'!$E$5:$E$304),IF(F9="",0,F9))) -> 0 | H9: =IF(B9="","",IFERROR(IF(C9=0,"—",MIN(1,G9/C9)),"—")) -> 0 | I9: =IF(B9="","",IF(E9="Final","—",IFERROR(IF(D9="","—",D9-TODAY()),"—"))) -> 91 | J9: =IF(B9="","",IFERROR(IF(ISNUMBER(H9),REPT("█",ROUNDDOWN(MAX(0,H9)*10,0))&REPT("░",10-ROUNDDOWN(MAX(0,H9)*10,0)),""),"")) -> ░░░░░░░░░░ | K9: =IF(B9="","",IF(E9="Final","",IF(ISNUMBER(D9),D9+ROW()/100000,""))) -> 46327
A10: =IF(B10="","",ROW()-4) | G10: =IF(B10="","",IFERROR(IF(F10="",0,F10)+SUMIF('Writing Sessions'!$C$5:$C$304,B10,'Writing Sessions'!$E$5:$E$304),IF(F10="",0,F10))) | H10: =IF(B10="","",IFERROR(IF(C10=0,"—",MIN(1,G10/C10)),"—")) | I10: =IF(B10="","",IF(E10="Final","—",IFERROR(IF(D10="","—",D10-TODAY()),"—"))) | J10: =IF(B10="","",IFERROR(IF(ISNUMBER(H10),REPT("█",ROUNDDOWN(MAX(0,H10)*10,0))&REPT("░",10-ROUNDDOWN(MAX(0,H10)*10,0)),""),"")) | K10: =IF(B10="","",IF(E10="Final","",IF(ISNUMBER(D10),D10+ROW()/100000,"")))
A11: =IF(B11="","",ROW()-4) | G11: =IF(B11="","",IFERROR(IF(F11="",0,F11)+SUMIF('Writing Sessions'!$C$5:$C$304,B11,'Writing Sessions'!$E$5:$E$304),IF(F11="",0,F11))) | H11: =IF(B11="","",IFERROR(IF(C11=0,"—",MIN(1,G11/C11)),"—")) | I11: =IF(B11="","",IF(E11="Final","—",IFERROR(IF(D11="","—",D11-TODAY()),"—"))) | J11: =IF(B11="","",IFERROR(IF(ISNUMBER(H11),REPT("█",ROUNDDOWN(MAX(0,H11)*10,0))&REPT("░",10-ROUNDDOWN(MAX(0,H11)*10,0)),""),"")) | K11: =IF(B11="","",IF(E11="Final","",IF(ISNUMBER(D11),D11+ROW()/100000,"")))
A12: =IF(B12="","",ROW()-4) | G12: =IF(B12="","",IFERROR(IF(F12="",0,F12)+SUMIF('Writing Sessions'!$C$5:$C$304,B12,'Writing Sessions'!$E$5:$E$304),IF(F12="",0,F12))) | H12: =IF(B12="","",IFERROR(IF(C12=0,"—",MIN(1,G12/C12)),"—")) | I12: =IF(B12="","",IF(E12="Final","—",IFERROR(IF(D12="","—",D12-TODAY()),"—"))) | J12: =IF(B12="","",IFERROR(IF(ISNUMBER(H12),REPT("█",ROUNDDOWN(MAX(0,H12)*10,0))&REPT("░",10-ROUNDDOWN(MAX(0,H12)*10,0)),""),"")) | K12: =IF(B12="","",IF(E12="Final","",IF(ISNUMBER(D12),D12+ROW()/100000,"")))
A13: =IF(B13="","",ROW()-4) | G13: =IF(B13="","",IFERROR(IF(F13="",0,F13)+SUMIF('Writing Sessions'!$C$5:$C$304,B13,'Writing Sessions'!$E$5:$E$304),IF(F13="",0,F13))) | H13: =IF(B13="","",IFERROR(IF(C13=0,"—",MIN(1,G13/C13)),"—")) | I13: =IF(B13="","",IF(E13="Final","—",IFERROR(IF(D13="","—",D13-TODAY()),"—"))) | J13: =IF(B13="","",IFERROR(IF(ISNUMBER(H13),REPT("█",ROUNDDOWN(MAX(0,H13)*10,0))&REPT("░",10-ROUNDDOWN(MAX(0,H13)*10,0)),""),"")) | K13: =IF(B13="","",IF(E13="Final","",IF(ISNUMBER(D13),D13+ROW()/100000,"")))
A14: =IF(B14="","",ROW()-4) | G14: =IF(B14="","",IFERROR(IF(F14="",0,F14)+SUMIF('Writing Sessions'!$C$5:$C$304,B14,'Writing Sessions'!$E$5:$E$304),IF(F14="",0,F14))) | H14: =IF(B14="","",IFERROR(IF(C14=0,"—",MIN(1,G14/C14)),"—")) | I14: =IF(B14="","",IF(E14="Final","—",IFERROR(IF(D14="","—",D14-TODAY()),"—"))) | J14: =IF(B14="","",IFERROR(IF(ISNUMBER(H14),REPT("█",ROUNDDOWN(MAX(0,H14)*10,0))&REPT("░",10-ROUNDDOWN(MAX(0,H14)*10,0)),""),"")) | K14: =IF(B14="","",IF(E14="Final","",IF(ISNUMBER(D14),D14+ROW()/100000,"")))
A15: =IF(B15="","",ROW()-4) | G15: =IF(B15="","",IFERROR(IF(F15="",0,F15)+SUMIF('Writing Sessions'!$C$5:$C$304,B15,'Writing Sessions'!$E$5:$E$304),IF(F15="",0,F15))) | H15: =IF(B15="","",IFERROR(IF(C15=0,"—",MIN(1,G15/C15)),"—")) | I15: =IF(B15="","",IF(E15="Final","—",IFERROR(IF(D15="","—",D15-TODAY()),"—"))) | J15: =IF(B15="","",IFERROR(IF(ISNUMBER(H15),REPT("█",ROUNDDOWN(MAX(0,H15)*10,0))&REPT("░",10-ROUNDDOWN(MAX(0,H15)*10,0)),""),"")) | K15: =IF(B15="","",IF(E15="Final","",IF(ISNUMBER(D15),D15+ROW()/100000,"")))
A16: =IF(B16="","",ROW()-4) | G16: =IF(B16="","",IFERROR(IF(F16="",0,F16)+SUMIF('Writing Sessions'!$C$5:$C$304,B16,'Writing Sessions'!$E$5:$E$304),IF(F16="",0,F16))) | H16: =IF(B16="","",IFERROR(IF(C16=0,"—",MIN(1,G16/C16)),"—")) | I16: =IF(B16="","",IF(E16="Final","—",IFERROR(IF(D16="","—",D16-TODAY()),"—"))) | J16: =IF(B16="","",IFERROR(IF(ISNUMBER(H16),REPT("█",ROUNDDOWN(MAX(0,H16)*10,0))&REPT("░",10-ROUNDDOWN(MAX(0,H16)*10,0)),""),"")) | K16: =IF(B16="","",IF(E16="Final","",IF(ISNUMBER(D16),D16+ROW()/100000,"")))
A17: =IF(B17="","",ROW()-4) | G17: =IF(B17="","",IFERROR(IF(F17="",0,F17)+SUMIF('Writing Sessions'!$C$5:$C$304,B17,'Writing Sessions'!$E$5:$E$304),IF(F17="",0,F17))) | H17: =IF(B17="","",IFERROR(IF(C17=0,"—",MIN(1,G17/C17)),"—")) | I17: =IF(B17="","",IF(E17="Final","—",IFERROR(IF(D17="","—",D17-TODAY()),"—"))) | J17: =IF(B17="","",IFERROR(IF(ISNUMBER(H17),REPT("█",ROUNDDOWN(MAX(0,H17)*10,0))&REPT("░",10-ROUNDDOWN(MAX(0,H17)*10,0)),""),"")) | K17: =IF(B17="","",IF(E17="Final","",IF(ISNUMBER(D17),D17+ROW()/100000,"")))
A18: =IF(B18="","",ROW()-4) | G18: =IF(B18="","",IFERROR(IF(F18="",0,F18)+SUMIF('Writing Sessions'!$C$5:$C$304,B18,'Writing Sessions'!$E$5:$E$304),IF(F18="",0,F18))) | H18: =IF(B18="","",IFERROR(IF(C18=0,"—",MIN(1,G18/C18)),"—")) | I18: =IF(B18="","",IF(E18="Final","—",IFERROR(IF(D18="","—",D18-TODAY()),"—"))) | J18: =IF(B18="","",IFERROR(IF(ISNUMBER(H18),REPT("█",ROUNDDOWN(MAX(0,H18)*10,0))&REPT("░",10-ROUNDDOWN(MAX(0,H18)*10,0)),""),"")) | K18: =IF(B18="","",IF(E18="Final","",IF(ISNUMBER(D18),D18+ROW()/100000,"")))
A19: =IF(B19="","",ROW()-4) | G19: =IF(B19="","",IFERROR(IF(F19="",0,F19)+SUMIF('Writing Sessions'!$C$5:$C$304,B19,'Writing Sessions'!$E$5:$E$304),IF(F19="",0,F19))) | H19: =IF(B19="","",IFERROR(IF(C19=0,"—",MIN(1,G19/C19)),"—")) | I19: =IF(B19="","",IF(E19="Final","—",IFERROR(IF(D19="","—",D19-TODAY()),"—"))) | J19: =IF(B19="","",IFERROR(IF(ISNUMBER(H19),REPT("█",ROUNDDOWN(MAX(0,H19)*10,0))&REPT("░",10-ROUNDDOWN(MAX(0,H19)*10,0)),""),"")) | K19: =IF(B19="","",IF(E19="Final","",IF(ISNUMBER(D19),D19+ROW()/100000,"")))
A20: =IF(B20="","",ROW()-4) | G20: =IF(B20="","",IFERROR(IF(F20="",0,F20)+SUMIF('Writing Sessions'!$C$5:$C$304,B20,'Writing Sessions'!$E$5:$E$304),IF(F20="",0,F20))) | H20: =IF(B20="","",IFERROR(IF(C20=0,"—",MIN(1,G20/C20)),"—")) | I20: =IF(B20="","",IF(E20="Final","—",IFERROR(IF(D20="","—",D20-TODAY()),"—"))) | J20: =IF(B20="","",IFERROR(IF(ISNUMBER(H20),REPT("█",ROUNDDOWN(MAX(0,H20)*10,0))&REPT("░",10-ROUNDDOWN(MAX(0,H20)*10,0)),""),"")) | K20: =IF(B20="","",IF(E20="Final","",IF(ISNUMBER(D20),D20+ROW()/100000,"")))
A21: =IF(B21="","",ROW()-4) | G21: =IF(B21="","",IFERROR(IF(F21="",0,F21)+SUMIF('Writing Sessions'!$C$5:$C$304,B21,'Writing Sessions'!$E$5:$E$304),IF(F21="",0,F21))) | H21: =IF(B21="","",IFERROR(IF(C21=0,"—",MIN(1,G21/C21)),"—")) | I21: =IF(B21="","",IF(E21="Final","—",IFERROR(IF(D21="","—",D21-TODAY()),"—"))) | J21: =IF(B21="","",IFERROR(IF(ISNUMBER(H21),REPT("█",ROUNDDOWN(MAX(0,H21)*10,0))&REPT("░",10-ROUNDDOWN(MAX(0,H21)*10,0)),""),"")) | K21: =IF(B21="","",IF(E21="Final","",IF(ISNUMBER(D21),D21+ROW()/100000,"")))
... A29: =IF(B29="","",ROW()-4) | G29: =IF(B29="","",IFERROR(IF(F29="",0,F29)+SUMIF('Writing Sessions'!$C$5:$C$304,B29,'Writing Sessions'!$E$5:$E$304),IF(F29="",0,F29))) | H29: =IF(B29="","",IFERROR(IF(C29=0,"—",MIN(1,G29/C29)),"—")) | I29: =IF(B29="","",IF(E29="Final","—",IFERROR(IF(D29="","—",D29-TODAY()),"—"))) | J29: =IF(B29="","",IFERROR(IF(ISNUMBER(H29),REPT("█",ROUNDDOWN(MAX(0,H29)*10,0))&REPT("░",10-ROUNDDOWN(MAX(0,H29)*10,0)),""),"")) | K29: =IF(B29="","",IF(E29="Final","",IF(ISNUMBER(D29),D29+ROW()/100000,"")))

Sheet Writing Sessions
A1: Writing Sessions
A2: One row per session — date, chapter, minutes, words. The demo rows use live dates so they never look stale; clear the contents of rows 5–18 before you start (don't delete the rows).
A4: # | B4: Date | C4: Chapter | D4: Minutes | E4: Words written | F4: Week (auto) | G4: Note
A5: =IF(B5="","",ROW()-4) -> 1 | B5: =TODAY() -> 46236 | C5: Introduction | D5: 90 | E5: 850 | F5: =IF(B5="","",IFERROR("W"&TEXT(WEEKNUM(B5,21),"00"),"")) -> W31 | G5: Tightened section 1.2
A6: =IF(B6="","",ROW()-4) -> 2 | B6: =TODAY()-1 -> 46235 | C6: Introduction | D6: 60 | E6: 700 | F6: =IF(B6="","",IFERROR("W"&TEXT(WEEKNUM(B6,21),"00"),"")) -> W31 | G6: New opening
A7: =IF(B7="","",ROW()-4) -> 3 | B7: =TODAY()-2 -> 46234 | C7: Literature Review | D7: 120 | E7: 1100 | F7: =IF(B7="","",IFERROR("W"&TEXT(WEEKNUM(B7,21),"00"),"")) -> W31 | G7: Theory block
A8: =IF(B8="","",ROW()-4) -> 4 | B8: =TODAY()-3 -> 46233 | C8: Methodology | D8: 45 | E8: 400 | F8: =IF(B8="","",IFERROR("W"&TEXT(WEEKNUM(B8,21),"00"),"")) -> W31 | G8: Sampling section
A9: =IF(B9="","",ROW()-4) -> 5 | B9: =TODAY()-4 -> 46232 | C9: Literature Review | D9: 90 | E9: 950 | F9: =IF(B9="","",IFERROR("W"&TEXT(WEEKNUM(B9,21),"00"),"")) -> W31
A10: =IF(B10="","",ROW()-4) -> 6 | B10: =TODAY()-6 -> 46230 | C10: Methodology | D10: 60 | E10: 620 | F10: =IF(B10="","",IFERROR("W"&TEXT(WEEKNUM(B10,21),"00"),"")) -> W31
A11: =IF(B11="","",ROW()-4) -> 7 | B11: =TODAY()-7 -> 46229 | C11: Introduction | D11: 75 | E11: 800 | F11: =IF(B11="","",IFERROR("W"&TEXT(WEEKNUM(B11,21),"00"),"")) -> W30
A12: =IF(B12="","",ROW()-4) -> 8 | B12: =TODAY()-8 -> 46228 | C12: Literature Review | D12: 100 | E12: 1000 | F12: =IF(B12="","",IFERROR("W"&TEXT(WEEKNUM(B12,21),"00"),"")) -> W30
A13: =IF(B13="","",ROW()-4) -> 9 | B13: =TODAY()-9 -> 46227 | C13: Methodology | D13: 30 | E13: 350 | F13: =IF(B13="","",IFERROR("W"&TEXT(WEEKNUM(B13,21),"00"),"")) -> W30 | G13: Short but counts
A14: =IF(B14="","",ROW()-4) -> 10 | B14: =TODAY()-11 -> 46225 | C14: Literature Review | D14: 80 | E14: 780 | F14: =IF(B14="","",IFERROR("W"&TEXT(WEEKNUM(B14,21),"00"),"")) -> W30
A15: =IF(B15="","",ROW()-4) -> 11 | B15: =TODAY()-12 -> 46224 | C15: Introduction | D15: 60 | E15: 640 | F15: =IF(B15="","",IFERROR("W"&TEXT(WEEKNUM(B15,21),"00"),"")) -> W30
A16: =IF(B16="","",ROW()-4) -> 12 | B16: =TODAY()-13 -> 46223 | C16: Methodology | D16: 90 | E16: 880 | F16: =IF(B16="","",IFERROR("W"&TEXT(WEEKNUM(B16,21),"00"),"")) -> W30
A17: =IF(B17="","",ROW()-4) -> 13 | B17: =TODAY()-14 -> 46222 | C17: Literature Review | D17: 110 | E17: 1150 | F17: =IF(B17="","",IFERROR("W"&TEXT(WEEKNUM(B17,21),"00"),"")) -> W29 | G17: Best day so far
A18: =IF(B18="","",ROW()-4) -> 14 | B18: =TODAY()-16 -> 46220 | C18: Introduction | D18: 45 | E18: 500 | F18: =IF(B18="","",IFERROR("W"&TEXT(WEEKNUM(B18,21),"00"),"")) -> W29
A19: =IF(B19="","",ROW()-4) | F19: =IF(B19="","",IFERROR("W"&TEXT(WEEKNUM(B19,21),"00"),""))
A20: =IF(B20="","",ROW()-4) | F20: =IF(B20="","",IFERROR("W"&TEXT(WEEKNUM(B20,21),"00"),""))
A21: =IF(B21="","",ROW()-4) | F21: =IF(B21="","",IFERROR("W"&TEXT(WEEKNUM(B21,21),"00"),""))
A22: =IF(B22="","",ROW()-4) | F22: =IF(B22="","",IFERROR("W"&TEXT(WEEKNUM(B22,21),"00"),""))
A23: =IF(B23="","",ROW()-4) | F23: =IF(B23="","",IFERROR("W"&TEXT(WEEKNUM(B23,21),"00"),""))
A24: =IF(B24="","",ROW()-4) | F24: =IF(B24="","",IFERROR("W"&TEXT(WEEKNUM(B24,21),"00"),""))
A25: =IF(B25="","",ROW()-4) | F25: =IF(B25="","",IFERROR("W"&TEXT(WEEKNUM(B25,21),"00"),""))
A26: =IF(B26="","",ROW()-4) | F26: =IF(B26="","",IFERROR("W"&TEXT(WEEKNUM(B26,21),"00"),""))
A27: =IF(B27="","",ROW()-4) | F27: =IF(B27="","",IFERROR("W"&TEXT(WEEKNUM(B27,21),"00"),""))
A28: =IF(B28="","",ROW()-4) | F28: =IF(B28="","",IFERROR("W"&TEXT(WEEKNUM(B28,21),"00"),""))
A29: =IF(B29="","",ROW()-4) | F29: =IF(B29="","",IFERROR("W"&TEXT(WEEKNUM(B29,21),"00"),""))
A30: =IF(B30="","",ROW()-4) | F30: =IF(B30="","",IFERROR("W"&TEXT(WEEKNUM(B30,21),"00"),""))
... A304: =IF(B304="","",ROW()-4) | F304: =IF(B304="","",IFERROR("W"&TEXT(WEEKNUM(B304,21),"00"),""))

Sheet Revisions
A1: Revisions
A2: One row per feedback round. 'Submitted' and 'Done' silence the countdown — open rounds stay loud until they are back.
A4: # | B4: Chapter | C4: Round | D4: Feedback from | E4: Received | F4: Due | G4: Status | H4: Days left (auto) | I4: Notes | J4: Sort key (auto)
A5: =IF(B5="","",ROW()-4) -> 1 | B5: Introduction | C5: R1 | D5: Advisor | E5: =TODAY()-10 -> 46226 | F5: =TODAY()+4 -> 46240 | G5: In progress | H5: =IF(B5="","",IF(OR(G5="Submitted",G5="Done"),"—",IFERROR(IF(F5="","—",F5-TODAY()),"—"))) -> 4 | I5: Ch. 1 comments from advisor | J5: =IF(B5="","",IF(OR(G5="Submitted",G5="Done"),"",IF(ISNUMBER(F5),F5+ROW()/100000,""))) -> 46240
A6: =IF(B6="","",ROW()-4) -> 2 | B6: Literature Review | C6: R1 | D6: Peer | E6: =TODAY()-6 -> 46230 | F6: =TODAY()+9 -> 46245 | G6: Not started | H6: =IF(B6="","",IF(OR(G6="Submitted",G6="Done"),"—",IFERROR(IF(F6="","—",F6-TODAY()),"—"))) -> 9 | I6: Peer read of theory section | J6: =IF(B6="","",IF(OR(G6="Submitted",G6="Done"),"",IF(ISNUMBER(F6),F6+ROW()/100000,""))) -> 46245
A7: =IF(B7="","",ROW()-4) -> 3 | B7: Methodology | C7: R1 | D7: Self | E7: =TODAY()-20 -> 46216 | F7: =TODAY()-15 -> 46221 | G7: Done | H7: =IF(B7="","",IF(OR(G7="Submitted",G7="Done"),"—",IFERROR(IF(F7="","—",F7-TODAY()),"—"))) -> — | I7: Self-edit pass | J7: =IF(B7="","",IF(OR(G7="Submitted",G7="Done"),"",IF(ISNUMBER(F7),F7+ROW()/100000,"")))
A8: =IF(B8="","",ROW()-4) | H8: =IF(B8="","",IF(OR(G8="Submitted",G8="Done"),"—",IFERROR(IF(F8="","—",F8-TODAY()),"—"))) | J8: =IF(B8="","",IF(OR(G8="Submitted",G8="Done"),"",IF(ISNUMBER(F8),F8+ROW()/100000,"")))
A9: =IF(B9="","",ROW()-4) | H9: =IF(B9="","",IF(OR(G9="Submitted",G9="Done"),"—",IFERROR(IF(F9="","—",F9-TODAY()),"—"))) | J9: =IF(B9="","",IF(OR(G9="Submitted",G9="Done"),"",IF(ISNUMBER(F9),F9+ROW()/100000,"")))
A10: =IF(B10="","",ROW()-4) | H10: =IF(B10="","",IF(OR(G10="Submitted",G10="Done"),"—",IFERROR(IF(F10="","—",F10-TODAY()),"—"))) | J10: =IF(B10="","",IF(OR(G10="Submitted",G10="Done"),"",IF(ISNUMBER(F10),F10+ROW()/100000,"")))
A11: =IF(B11="","",ROW()-4) | H11: =IF(B11="","",IF(OR(G11="Submitted",G11="Done"),"—",IFERROR(IF(F11="","—",F11-TODAY()),"—"))) | J11: =IF(B11="","",IF(OR(G11="Submitted",G11="Done"),"",IF(ISNUMBER(F11),F11+ROW()/100000,"")))
A12: =IF(B12="","",ROW()-4) | H12: =IF(B12="","",IF(OR(G12="Submitted",G12="Done"),"—",IFERROR(IF(F12="","—",F12-TODAY()),"—"))) | J12: =IF(B12="","",IF(OR(G12="Submitted",G12="Done"),"",IF(ISNUMBER(F12),F12+ROW()/100000,"")))
A13: =IF(B13="","",ROW()-4) | H13: =IF(B13="","",IF(OR(G13="Submitted",G13="Done"),"—",IFERROR(IF(F13="","—",F13-TODAY()),"—"))) | J13: =IF(B13="","",IF(OR(G13="Submitted",G13="Done"),"",IF(ISNUMBER(F13),F13+ROW()/100000,"")))
A14: =IF(B14="","",ROW()-4) | H14: =IF(B14="","",IF(OR(G14="Submitted",G14="Done"),"—",IFERROR(IF(F14="","—",F14-TODAY()),"—"))) | J14: =IF(B14="","",IF(OR(G14="Submitted",G14="Done"),"",IF(ISNUMBER(F14),F14+ROW()/100000,"")))
A15: =IF(B15="","",ROW()-4) | H15: =IF(B15="","",IF(OR(G15="Submitted",G15="Done"),"—",IFERROR(IF(F15="","—",F15-TODAY()),"—"))) | J15: =IF(B15="","",IF(OR(G15="Submitted",G15="Done"),"",IF(ISNUMBER(F15),F15+ROW()/100000,"")))
A16: =IF(B16="","",ROW()-4) | H16: =IF(B16="","",IF(OR(G16="Submitted",G16="Done"),"—",IFERROR(IF(F16="","—",F16-TODAY()),"—"))) | J16: =IF(B16="","",IF(OR(G16="Submitted",G16="Done"),"",IF(ISNUMBER(F16),F16+ROW()/100000,"")))
A17: =IF(B17="","",ROW()-4) | H17: =IF(B17="","",IF(OR(G17="Submitted",G17="Done"),"—",IFERROR(IF(F17="","—",F17-TODAY()),"—"))) | J17: =IF(B17="","",IF(OR(G17="Submitted",G17="Done"),"",IF(ISNUMBER(F17),F17+ROW()/100000,"")))
A18: =IF(B18="","",ROW()-4) | H18: =IF(B18="","",IF(OR(G18="Submitted",G18="Done"),"—",IFERROR(IF(F18="","—",F18-TODAY()),"—"))) | J18: =IF(B18="","",IF(OR(G18="Submitted",G18="Done"),"",IF(ISNUMBER(F18),F18+ROW()/100000,"")))
A19: =IF(B19="","",ROW()-4) | H19: =IF(B19="","",IF(OR(G19="Submitted",G19="Done"),"—",IFERROR(IF(F19="","—",F19-TODAY()),"—"))) | J19: =IF(B19="","",IF(OR(G19="Submitted",G19="Done"),"",IF(ISNUMBER(F19),F19+ROW()/100000,"")))
... A104: =IF(B104="","",ROW()-4) | H104: =IF(B104="","",IF(OR(G104="Submitted",G104="Done"),"—",IFERROR(IF(F104="","—",F104-TODAY()),"—"))) | J104: =IF(B104="","",IF(OR(G104="Submitted",G104="Done"),"",IF(ISNUMBER(F104),F104+ROW()/100000,"")))

Sheet Submission & Defense
A1: Submission & Defense
A2: The last mile on one page. The Dashboard counts down from C5 (submission) and C6 (defense).
B4: KEY DATES
B5: Final submission deadline | C5: =TODAY()+91 -> 46327 | D5: =IFERROR(IF(C5="","—",C5-TODAY()),"—") -> 91
B6: Defense date | C6: =TODAY()+105 -> 46341 | D6: =IFERROR(IF(C6="","—",C6-TODAY()),"—") -> 105
B7: Post-defense revisions due | D7: =IFERROR(IF(C7="","—",C7-TODAY()),"—") -> —
B9: CHECKLIST
B10: Task | C10: Due | D10: Days | E10: Status | F10: Notes
B11: University formatting & template check | D11: =IF(B11="","",IF(OR(E11="Done",E11="N/A"),"—",IFERROR(IF(C11="","—",C11-TODAY()),"—"))) -> — | E11: In progress
B12: Title page, abstract & front matter | D12: =IF(B12="","",IF(OR(E12="Done",E12="N/A"),"—",IFERROR(IF(C12="","—",C12-TODAY()),"—"))) -> — | E12: Not started
B13: Citations & reference list complete | D13: =IF(B13="","",IF(OR(E13="Done",E13="N/A"),"—",IFERROR(IF(C13="","—",C13-TODAY()),"—"))) -> — | E13: In progress
B14: Figures, tables & appendices numbered | D14: =IF(B14="","",IF(OR(E14="Done",E14="N/A"),"—",IFERROR(IF(C14="","—",C14-TODAY()),"—"))) -> — | E14: Not started
B15: Plagiarism self-check run | D15: =IF(B15="","",IF(OR(E15="Done",E15="N/A"),"—",IFERROR(IF(C15="","—",C15-TODAY()),"—"))) -> — | E15: Done
B16: Advisor sign-off on final draft | D16: =IF(B16="","",IF(OR(E16="Done",E16="N/A"),"—",IFERROR(IF(C16="","—",C16-TODAY()),"—"))) -> — | E16: Not started
B17: Submission logistics (upload, printing, forms) | D17: =IF(B17="","",IF(OR(E17="Done",E17="N/A"),"—",IFERROR(IF(C17="","—",C17-TODAY()),"—"))) -> — | E17: Not started
B18: Committee scheduling & paperwork | D18: =IF(B18="","",IF(OR(E18="Done",E18="N/A"),"—",IFERROR(IF(C18="","—",C18-TODAY()),"—"))) -> — | E18: Not started
B19: Defense presentation drafted | D19: =IF(B19="","",IF(OR(E19="Done",E19="N/A"),"—",IFERROR(IF(C19="","—",C19-TODAY()),"—"))) -> — | E19: Not started
B20: Defense practice run | D20: =IF(B20="","",IF(OR(E20="Done",E20="N/A"),"—",IFERROR(IF(C20="","—",C20-TODAY()),"—"))) -> — | E20: Not started
B21: Post-defense revisions submitted | D21: =IF(B21="","",IF(OR(E21="Done",E21="N/A"),"—",IFERROR(IF(C21="","—",C21-TODAY()),"—"))) -> — | E21: Not started
B22: Final deposit / archive copy | D22: =IF(B22="","",IF(OR(E22="Done",E22="N/A"),"—",IFERROR(IF(C22="","—",C22-TODAY()),"—"))) -> — | E22: Not started
B24: Checklist progress | C24: =IFERROR(IF(COUNTA($B$11:$B$22)=0,"—",COUNTIF($E$11:$E$22,"Done")&" of "&COUNTA($B$11:$B$22)&" done"),"—") -> 1 of 12 done

Sheet Lists
A1: Not started | B1: R1 | C1: Advisor | D1: Not started | E1: Not started | G1: This sheet feeds the dropdowns. Edit values here if you must — keep them short, the colours key on the exact text.
A2: Outlining | B2: R2 | C2: Committee | D2: In progress | E2: In progress
A3: Drafting | B3: R3 | C3: Peer | D3: Submitted | E3: Done
A4: Revising | B4: R4 | C4: Self | D4: Done | E4: N/A
A5: Final
