Workbook

Sheet Start Here
B2: Grant & Publication Tracker
B3: Never miss a deadline that funds your research — grants, papers, abstracts, reviews in one place.
B5: HOW TO USE THIS WORKBOOK
B6: 1 · Dashboard — your next deadlines across everything, in days. Every number updates automatically; never type in a grey cell — grey means it computes itself.
B7: 2 · Grants — one row per application, from idea to outcome. The countdown goes quiet the moment you submit.
B8: 3 · Publications — one row per manuscript. Days in review counts itself; amber at 90 days — while the decision is pending — means a polite editor nudge is fair game.
B9: 4 · Conferences — abstract deadlines, event dates, registration due.
B10: 5 · Peer Review — the reviews you owe others. Service you can prove at evaluation time.
B11: 6 · Funding — totals requested, pending, awarded and your per-funder win rate. All automatic.
B12: 7 · AI Prompts — 6 copy-paste prompts for the hard parts: one-pagers, aims critique, Reviewer 2, response letters.
B14: GOOGLE SHEETS: File → Import → Upload this file. Everything (formulas, dropdowns, colors) survives the trip.
B15: TIP: Log every call you consider — even the ones you skip. Your Funding sheet becomes your track-record memory.
... B18: Questions or a broken formula? Message us on Etsy — we reply within 48 h.

Sheet Dashboard
A1: Dashboard
A2: Live overview — your next deadlines across everything. All numbers update automatically.
A4: DEADLINES | D4: GRANT PIPELINE | G4: PAPERS & MONEY
A5: Next grant deadline (days) | B5: Next abstract deadline (days) | D5: Active applications | E5: In preparation | G5: Manuscripts in review | H5: Revisions on your desk
A6: =IFERROR(IF(COUNTIF(Grants!H5:H154,">=0")=0,"—",SMALL(Grants!H5:H154,COUNTIF(Grants!H5:H154,"<0")+1)),"—") | B6: =IFERROR(IF(COUNTIF(Conferences!F5:F104,">=0")=0,"—",SMALL(Conferences!F5:F104,COUNTIF(Conferences!F5:F104,"<0")+1)),"—") | D6: =COUNTIF(Grants!I5:I154,"Submitted")+COUNTIF(Grants!I5:I154,"Under review") | E6: =COUNTIF(Grants!I5:I154,"Idea")+COUNTIF(Grants!I5:I154,"Preparing") | G6: =COUNTIF(Publications!E5:E154,"Submitted")+COUNTIF(Publications!E5:E154,"Under review")+COUNTIF(Publications!E5:E154,"Resubmitted") | H6: =COUNTIF(Publications!E5:E154,"Major revision")+COUNTIF(Publications!E5:E154,"Minor revision")+COUNTIF(Publications!E5:E154,"R&R in progress")
A8: Next resubmission (days) | B8: Next review due (days) | D8: Awarded | E8: Success rate | G8: Accepted | H8: Funding awarded
A9: =IFERROR(IF(COUNTIF(Publications!J5:J154,">=0")=0,"—",SMALL(Publications!J5:J154,COUNTIF(Publications!J5:J154,"<0")+1)),"—") | B9: =IFERROR(IF(COUNTIF('Peer Review'!F5:F104,">=0")=0,"—",SMALL('Peer Review'!F5:F104,COUNTIF('Peer Review'!F5:F104,"<0")+1)),"—") | D9: =COUNTIF(Grants!I5:I154,"Awarded") | E9: =IF(COUNTIF(Grants!I5:I154,"Awarded")+COUNTIF(Grants!I5:I154,"Rejected")=0,"—",TEXT(COUNTIF(Grants!I5:I154,"Awarded")/(COUNTIF(Grants!I5:I154,"Awarded")+COUNTIF(Grants!I5:I154,"Rejected")),"0%")) | G9: =COUNTIF(Publications!E5:E154,"Accepted") | H9: =IF(SUM(Grants!L5:L154)=0,"—",TEXT(SUM(Grants!L5:L154),"#,##0"))
A12: Never type on this sheet — it computes itself.

Sheet Grants
A1: Grants Pipeline
A2: One row per application, any currency. The countdown goes quiet the moment you submit — red always means act now.
A4: # | B4: Funder | C4: Programme / call | D4: Project title | E4: Role | F4: Amount requested | G4: Deadline | H4: Days left | I4: Status | J4: Submitted on | K4: Outcome date | L4: Amount awarded | M4: Proposal | N4: Budget | O4: CV / biosketch | P4: Letters & annexes | Q4: Docs ready | R4: Co-applicants | S4: Notes / next step
A5: =IF(B5="","",ROW()-4) | H5: =IF(G5="","",IF(OR(I5="Submitted",I5="Under review",I5="Awarded",I5="Rejected",I5="Withdrawn"),"—",G5-TODAY())) | Q5: =IF($B5="","",COUNTIF(M5:P5,"Ready")&" / 4")
A6: =IF(B6="","",ROW()-4) | H6: =IF(G6="","",IF(OR(I6="Submitted",I6="Under review",I6="Awarded",I6="Rejected",I6="Withdrawn"),"—",G6-TODAY())) | Q6: =IF($B6="","",COUNTIF(M6:P6,"Ready")&" / 4")
A7: =IF(B7="","",ROW()-4) | H7: =IF(G7="","",IF(OR(I7="Submitted",I7="Under review",I7="Awarded",I7="Rejected",I7="Withdrawn"),"—",G7-TODAY())) | Q7: =IF($B7="","",COUNTIF(M7:P7,"Ready")&" / 4")
A8: =IF(B8="","",ROW()-4) | H8: =IF(G8="","",IF(OR(I8="Submitted",I8="Under review",I8="Awarded",I8="Rejected",I8="Withdrawn"),"—",G8-TODAY())) | Q8: =IF($B8="","",COUNTIF(M8:P8,"Ready")&" / 4")
A9: =IF(B9="","",ROW()-4) | H9: =IF(G9="","",IF(OR(I9="Submitted",I9="Under review",I9="Awarded",I9="Rejected",I9="Withdrawn"),"—",G9-TODAY())) | Q9: =IF($B9="","",COUNTIF(M9:P9,"Ready")&" / 4")
A10: =IF(B10="","",ROW()-4) | H10: =IF(G10="","",IF(OR(I10="Submitted",I10="Under review",I10="Awarded",I10="Rejected",I10="Withdrawn"),"—",G10-TODAY())) | Q10: =IF($B10="","",COUNTIF(M10:P10,"Ready")&" / 4")
A11: =IF(B11="","",ROW()-4) | H11: =IF(G11="","",IF(OR(I11="Submitted",I11="Under review",I11="Awarded",I11="Rejected",I11="Withdrawn"),"—",G11-TODAY())) | Q11: =IF($B11="","",COUNTIF(M11:P11,"Ready")&" / 4")
A12: =IF(B12="","",ROW()-4) | H12: =IF(G12="","",IF(OR(I12="Submitted",I12="Under review",I12="Awarded",I12="Rejected",I12="Withdrawn"),"—",G12-TODAY())) | Q12: =IF($B12="","",COUNTIF(M12:P12,"Ready")&" / 4")
A13: =IF(B13="","",ROW()-4) | H13: =IF(G13="","",IF(OR(I13="Submitted",I13="Under review",I13="Awarded",I13="Rejected",I13="Withdrawn"),"—",G13-TODAY())) | Q13: =IF($B13="","",COUNTIF(M13:P13,"Ready")&" / 4")
A14: =IF(B14="","",ROW()-4) | H14: =IF(G14="","",IF(OR(I14="Submitted",I14="Under review",I14="Awarded",I14="Rejected",I14="Withdrawn"),"—",G14-TODAY())) | Q14: =IF($B14="","",COUNTIF(M14:P14,"Ready")&" / 4")
A15: =IF(B15="","",ROW()-4) | H15: =IF(G15="","",IF(OR(I15="Submitted",I15="Under review",I15="Awarded",I15="Rejected",I15="Withdrawn"),"—",G15-TODAY())) | Q15: =IF($B15="","",COUNTIF(M15:P15,"Ready")&" / 4")
A16: =IF(B16="","",ROW()-4) | H16: =IF(G16="","",IF(OR(I16="Submitted",I16="Under review",I16="Awarded",I16="Rejected",I16="Withdrawn"),"—",G16-TODAY())) | Q16: =IF($B16="","",COUNTIF(M16:P16,"Ready")&" / 4")
... A154: =IF(B154="","",ROW()-4) | H154: =IF(G154="","",IF(OR(I154="Submitted",I154="Under review",I154="Awarded",I154="Rejected",I154="Withdrawn"),"—",G154-TODAY())) | Q154: =IF($B154="","",COUNTIF(M154:P154,"Ready")&" / 4")

Sheet Publications
A1: Publications Pipeline
A2: One row per manuscript. Days in review counts itself — amber at 90 days while the decision is pending, when a polite nudge to the editor is fair game.
A4: # | B4: Manuscript title | C4: My role | D4: Target journal | E4: Status | F4: Submitted on | G4: Days in review | H4: Decision date | I4: Resubmission deadline | J4: Days to resubmit | K4: Co-authors | L4: DOI / link | M4: Notes / reviewer asks
A5: =IF(B5="","",ROW()-4) | G5: =IF(F5="","",IF(H5="",TODAY()-F5,H5-F5)) | J5: =IF(I5="","",IF(OR(E5="Resubmitted",E5="Accepted",E5="Rejected",E5="Withdrawn"),"—",I5-TODAY()))
A6: =IF(B6="","",ROW()-4) | G6: =IF(F6="","",IF(H6="",TODAY()-F6,H6-F6)) | J6: =IF(I6="","",IF(OR(E6="Resubmitted",E6="Accepted",E6="Rejected",E6="Withdrawn"),"—",I6-TODAY()))
A7: =IF(B7="","",ROW()-4) | G7: =IF(F7="","",IF(H7="",TODAY()-F7,H7-F7)) | J7: =IF(I7="","",IF(OR(E7="Resubmitted",E7="Accepted",E7="Rejected",E7="Withdrawn"),"—",I7-TODAY()))
A8: =IF(B8="","",ROW()-4) | G8: =IF(F8="","",IF(H8="",TODAY()-F8,H8-F8)) | J8: =IF(I8="","",IF(OR(E8="Resubmitted",E8="Accepted",E8="Rejected",E8="Withdrawn"),"—",I8-TODAY()))
A9: =IF(B9="","",ROW()-4) | G9: =IF(F9="","",IF(H9="",TODAY()-F9,H9-F9)) | J9: =IF(I9="","",IF(OR(E9="Resubmitted",E9="Accepted",E9="Rejected",E9="Withdrawn"),"—",I9-TODAY()))
A10: =IF(B10="","",ROW()-4) | G10: =IF(F10="","",IF(H10="",TODAY()-F10,H10-F10)) | J10: =IF(I10="","",IF(OR(E10="Resubmitted",E10="Accepted",E10="Rejected",E10="Withdrawn"),"—",I10-TODAY()))
A11: =IF(B11="","",ROW()-4) | G11: =IF(F11="","",IF(H11="",TODAY()-F11,H11-F11)) | J11: =IF(I11="","",IF(OR(E11="Resubmitted",E11="Accepted",E11="Rejected",E11="Withdrawn"),"—",I11-TODAY()))
A12: =IF(B12="","",ROW()-4) | G12: =IF(F12="","",IF(H12="",TODAY()-F12,H12-F12)) | J12: =IF(I12="","",IF(OR(E12="Resubmitted",E12="Accepted",E12="Rejected",E12="Withdrawn"),"—",I12-TODAY()))
A13: =IF(B13="","",ROW()-4) | G13: =IF(F13="","",IF(H13="",TODAY()-F13,H13-F13)) | J13: =IF(I13="","",IF(OR(E13="Resubmitted",E13="Accepted",E13="Rejected",E13="Withdrawn"),"—",I13-TODAY()))
A14: =IF(B14="","",ROW()-4) | G14: =IF(F14="","",IF(H14="",TODAY()-F14,H14-F14)) | J14: =IF(I14="","",IF(OR(E14="Resubmitted",E14="Accepted",E14="Rejected",E14="Withdrawn"),"—",I14-TODAY()))
A15: =IF(B15="","",ROW()-4) | G15: =IF(F15="","",IF(H15="",TODAY()-F15,H15-F15)) | J15: =IF(I15="","",IF(OR(E15="Resubmitted",E15="Accepted",E15="Rejected",E15="Withdrawn"),"—",I15-TODAY()))
A16: =IF(B16="","",ROW()-4) | G16: =IF(F16="","",IF(H16="",TODAY()-F16,H16-F16)) | J16: =IF(I16="","",IF(OR(E16="Resubmitted",E16="Accepted",E16="Rejected",E16="Withdrawn"),"—",I16-TODAY()))
... A154: =IF(B154="","",ROW()-4) | G154: =IF(F154="","",IF(H154="",TODAY()-F154,H154-F154)) | J154: =IF(I154="","",IF(OR(E154="Resubmitted",E154="Accepted",E154="Rejected",E154="Withdrawn"),"—",I154-TODAY()))

Sheet Conferences
A1: Conferences & Abstracts
A2: Abstract deadlines, event dates, registration due — one glance.
A4: # | B4: Conference | C4: Format / location | D4: Abstract title | E4: Abstract deadline | F4: Days left | G4: Status | H4: Event dates | I4: Registration due | J4: Notes / costs
A5: =IF(B5="","",ROW()-4) | F5: =IF(E5="","",IF(OR(G5="Abstract submitted",G5="Accepted (talk)",G5="Accepted (poster)",G5="Rejected",G5="Attended"),"—",E5-TODAY()))
A6: =IF(B6="","",ROW()-4) | F6: =IF(E6="","",IF(OR(G6="Abstract submitted",G6="Accepted (talk)",G6="Accepted (poster)",G6="Rejected",G6="Attended"),"—",E6-TODAY()))
A7: =IF(B7="","",ROW()-4) | F7: =IF(E7="","",IF(OR(G7="Abstract submitted",G7="Accepted (talk)",G7="Accepted (poster)",G7="Rejected",G7="Attended"),"—",E7-TODAY()))
A8: =IF(B8="","",ROW()-4) | F8: =IF(E8="","",IF(OR(G8="Abstract submitted",G8="Accepted (talk)",G8="Accepted (poster)",G8="Rejected",G8="Attended"),"—",E8-TODAY()))
A9: =IF(B9="","",ROW()-4) | F9: =IF(E9="","",IF(OR(G9="Abstract submitted",G9="Accepted (talk)",G9="Accepted (poster)",G9="Rejected",G9="Attended"),"—",E9-TODAY()))
A10: =IF(B10="","",ROW()-4) | F10: =IF(E10="","",IF(OR(G10="Abstract submitted",G10="Accepted (talk)",G10="Accepted (poster)",G10="Rejected",G10="Attended"),"—",E10-TODAY()))
A11: =IF(B11="","",ROW()-4) | F11: =IF(E11="","",IF(OR(G11="Abstract submitted",G11="Accepted (talk)",G11="Accepted (poster)",G11="Rejected",G11="Attended"),"—",E11-TODAY()))
A12: =IF(B12="","",ROW()-4) | F12: =IF(E12="","",IF(OR(G12="Abstract submitted",G12="Accepted (talk)",G12="Accepted (poster)",G12="Rejected",G12="Attended"),"—",E12-TODAY()))
A13: =IF(B13="","",ROW()-4) | F13: =IF(E13="","",IF(OR(G13="Abstract submitted",G13="Accepted (talk)",G13="Accepted (poster)",G13="Rejected",G13="Attended"),"—",E13-TODAY()))
A14: =IF(B14="","",ROW()-4) | F14: =IF(E14="","",IF(OR(G14="Abstract submitted",G14="Accepted (talk)",G14="Accepted (poster)",G14="Rejected",G14="Attended"),"—",E14-TODAY()))
A15: =IF(B15="","",ROW()-4) | F15: =IF(E15="","",IF(OR(G15="Abstract submitted",G15="Accepted (talk)",G15="Accepted (poster)",G15="Rejected",G15="Attended"),"—",E15-TODAY()))
A16: =IF(B16="","",ROW()-4) | F16: =IF(E16="","",IF(OR(G16="Abstract submitted",G16="Accepted (talk)",G16="Accepted (poster)",G16="Rejected",G16="Attended"),"—",E16-TODAY()))
... A104: =IF(B104="","",ROW()-4) | F104: =IF(E104="","",IF(OR(G104="Abstract submitted",G104="Accepted (talk)",G104="Accepted (poster)",G104="Rejected",G104="Attended"),"—",E104-TODAY()))

Sheet Peer Review
A1: Peer Review Log
A2: The reviews you owe others. Track them like deadlines — and walk into your evaluation with the receipts.
A4: # | B4: Journal / venue | C4: Manuscript title / ID | D4: Invited on | E4: Review due | F4: Days left | G4: Status | H4: Hours spent | I4: Notes
A5: =IF(B5="","",ROW()-4) | F5: =IF(E5="","",IF(OR(G5="Submitted",G5="Declined"),"—",E5-TODAY()))
A6: =IF(B6="","",ROW()-4) | F6: =IF(E6="","",IF(OR(G6="Submitted",G6="Declined"),"—",E6-TODAY()))
A7: =IF(B7="","",ROW()-4) | F7: =IF(E7="","",IF(OR(G7="Submitted",G7="Declined"),"—",E7-TODAY()))
A8: =IF(B8="","",ROW()-4) | F8: =IF(E8="","",IF(OR(G8="Submitted",G8="Declined"),"—",E8-TODAY()))
A9: =IF(B9="","",ROW()-4) | F9: =IF(E9="","",IF(OR(G9="Submitted",G9="Declined"),"—",E9-TODAY()))
A10: =IF(B10="","",ROW()-4) | F10: =IF(E10="","",IF(OR(G10="Submitted",G10="Declined"),"—",E10-TODAY()))
A11: =IF(B11="","",ROW()-4) | F11: =IF(E11="","",IF(OR(G11="Submitted",G11="Declined"),"—",E11-TODAY()))
A12: =IF(B12="","",ROW()-4) | F12: =IF(E12="","",IF(OR(G12="Submitted",G12="Declined"),"—",E12-TODAY()))
A13: =IF(B13="","",ROW()-4) | F13: =IF(E13="","",IF(OR(G13="Submitted",G13="Declined"),"—",E13-TODAY()))
A14: =IF(B14="","",ROW()-4) | F14: =IF(E14="","",IF(OR(G14="Submitted",G14="Declined"),"—",E14-TODAY()))
A15: =IF(B15="","",ROW()-4) | F15: =IF(E15="","",IF(OR(G15="Submitted",G15="Declined"),"—",E15-TODAY()))
A16: =IF(B16="","",ROW()-4) | F16: =IF(E16="","",IF(OR(G16="Submitted",G16="Declined"),"—",E16-TODAY()))
... A104: =IF(B104="","",ROW()-4) | F104: =IF(E104="","",IF(OR(G104="Submitted",G104="Declined"),"—",E104-TODAY()))

Sheet Funding
A1: Funding Overview
A2: Type a funder name in column A — everything else computes itself from your Grants sheet.
A5: Total requested (submitted) | B5: Pending decision | C5: Total awarded | D5: Success rate (decided)
A6: =IF(SUMIF(Grants!I5:I154,"Submitted",Grants!F5:F154)+SUMIF(Grants!I5:I154,"Under review",Grants!F5:F154)+SUMIF(Grants!I5:I154,"Awarded",Grants!F5:F154)+SUMIF(Grants!I5:I154,"Rejected",Grants!F5:F154)=0,"—",TEXT(SUMIF(Grants!I5:I154,"Submitted",Grants!F5:F154)+SUMIF(Grants!I5:I154,"Under review",Grants!F5:F154)+SUMIF(Grants!I5:I154,"Awarded",Grants!F5:F154)+SUMIF(Grants!I5:I154,"Rejected",Grants!F5:F154),"#,##0")) | B6: =IF(SUMIF(Grants!I5:I154,"Submitted",Grants!F5:F154)+SUMIF(Grants!I5:I154,"Under review",Grants!F5:F154)=0,"—",TEXT(SUMIF(Grants!I5:I154,"Submitted",Grants!F5:F154)+SUMIF(Grants!I5:I154,"Under review",Grants!F5:F154),"#,##0")) | C6: =IF(SUM(Grants!L5:L154)=0,"—",TEXT(SUM(Grants!L5:L154),"#,##0")) | D6: =IF(COUNTIF(Grants!I5:I154,"Awarded")+COUNTIF(Grants!I5:I154,"Rejected")=0,"—",TEXT(COUNTIF(Grants!I5:I154,"Awarded")/(COUNTIF(Grants!I5:I154,"Awarded")+COUNTIF(Grants!I5:I154,"Rejected")),"0%"))
A8: BY FUNDER
A9: Funder (type here) | B9: Applications | C9: Requested | D9: Awarded | E9: Wins | F9: Win rate
B10: =IF($A10="","",COUNTIF(Grants!$B$5:$B$154,$A10)) | C10: =IF($A10="","",SUMIF(Grants!$B$5:$B$154,$A10,Grants!$F$5:$F$154)) | D10: =IF($A10="","",SUMIF(Grants!$B$5:$B$154,$A10,Grants!$L$5:$L$154)) | E10: =IF($A10="","",COUNTIFS(Grants!$B$5:$B$154,$A10,Grants!$I$5:$I$154,"Awarded")) | F10: =IF($A10="","",IF(COUNTIFS(Grants!$B$5:$B$154,$A10,Grants!$I$5:$I$154,"Awarded")+COUNTIFS(Grants!$B$5:$B$154,$A10,Grants!$I$5:$I$154,"Rejected")=0,"—",TEXT(COUNTIFS(Grants!$B$5:$B$154,$A10,Grants!$I$5:$I$154,"Awarded")/(COUNTIFS(Grants!$B$5:$B$154,$A10,Grants!$I$5:$I$154,"Awarded")+COUNTIFS(Grants!$B$5:$B$154,$A10,Grants!$I$5:$I$154,"Rejected")),"0%")))
B11: =IF($A11="","",COUNTIF(Grants!$B$5:$B$154,$A11)) | C11: =IF($A11="","",SUMIF(Grants!$B$5:$B$154,$A11,Grants!$F$5:$F$154)) | D11: =IF($A11="","",SUMIF(Grants!$B$5:$B$154,$A11,Grants!$L$5:$L$154)) | E11: =IF($A11="","",COUNTIFS(Grants!$B$5:$B$154,$A11,Grants!$I$5:$I$154,"Awarded")) | F11: =IF($A11="","",IF(COUNTIFS(Grants!$B$5:$B$154,$A11,Grants!$I$5:$I$154,"Awarded")+COUNTIFS(Grants!$B$5:$B$154,$A11,Grants!$I$5:$I$154,"Rejected")=0,"—",TEXT(COUNTIFS(Grants!$B$5:$B$154,$A11,Grants!$I$5:$I$154,"Awarded")/(COUNTIFS(Grants!$B$5:$B$154,$A11,Grants!$I$5:$I$154,"Awarded")+COUNTIFS(Grants!$B$5:$B$154,$A11,Grants!$I$5:$I$154,"Rejected")),"0%")))
B12: =IF($A12="","",COUNTIF(Grants!$B$5:$B$154,$A12)) | C12: =IF($A12="","",SUMIF(Grants!$B$5:$B$154,$A12,Grants!$F$5:$F$154)) | D12: =IF($A12="","",SUMIF(Grants!$B$5:$B$154,$A12,Grants!$L$5:$L$154)) | E12: =IF($A12="","",COUNTIFS(Grants!$B$5:$B$154,$A12,Grants!$I$5:$I$154,"Awarded")) | F12: =IF($A12="","",IF(COUNTIFS(Grants!$B$5:$B$154,$A12,Grants!$I$5:$I$154,"Awarded")+COUNTIFS(Grants!$B$5:$B$154,$A12,Grants!$I$5:$I$154,"Rejected")=0,"—",TEXT(COUNTIFS(Grants!$B$5:$B$154,$A12,Grants!$I$5:$I$154,"Awarded")/(COUNTIFS(Grants!$B$5:$B$154,$A12,Grants!$I$5:$I$154,"Awarded")+COUNTIFS(Grants!$B$5:$B$154,$A12,Grants!$I$5:$I$154,"Rejected")),"0%")))
B13: =IF($A13="","",COUNTIF(Grants!$B$5:$B$154,$A13)) | C13: =IF($A13="","",SUMIF(Grants!$B$5:$B$154,$A13,Grants!$F$5:$F$154)) | D13: =IF($A13="","",SUMIF(Grants!$B$5:$B$154,$A13,Grants!$L$5:$L$154)) | E13: =IF($A13="","",COUNTIFS(Grants!$B$5:$B$154,$A13,Grants!$I$5:$I$154,"Awarded")) | F13: =IF($A13="","",IF(COUNTIFS(Grants!$B$5:$B$154,$A13,Grants!$I$5:$I$154,"Awarded")+COUNTIFS(Grants!$B$5:$B$154,$A13,Grants!$I$5:$I$154,"Rejected")=0,"—",TEXT(COUNTIFS(Grants!$B$5:$B$154,$A13,Grants!$I$5:$I$154,"Awarded")/(COUNTIFS(Grants!$B$5:$B$154,$A13,Grants!$I$5:$I$154,"Awarded")+COUNTIFS(Grants!$B$5:$B$154,$A13,Grants!$I$5:$I$154,"Rejected")),"0%")))
B14: =IF($A14="","",COUNTIF(Grants!$B$5:$B$154,$A14)) | C14: =IF($A14="","",SUMIF(Grants!$B$5:$B$154,$A14,Grants!$F$5:$F$154)) | D14: =IF($A14="","",SUMIF(Grants!$B$5:$B$154,$A14,Grants!$L$5:$L$154)) | E14: =IF($A14="","",COUNTIFS(Grants!$B$5:$B$154,$A14,Grants!$I$5:$I$154,"Awarded")) | F14: =IF($A14="","",IF(COUNTIFS(Grants!$B$5:$B$154,$A14,Grants!$I$5:$I$154,"Awarded")+COUNTIFS(Grants!$B$5:$B$154,$A14,Grants!$I$5:$I$154,"Rejected")=0,"—",TEXT(COUNTIFS(Grants!$B$5:$B$154,$A14,Grants!$I$5:$I$154,"Awarded")/(COUNTIFS(Grants!$B$5:$B$154,$A14,Grants!$I$5:$I$154,"Awarded")+COUNTIFS(Grants!$B$5:$B$154,$A14,Grants!$I$5:$I$154,"Rejected")),"0%")))
B15: =IF($A15="","",COUNTIF(Grants!$B$5:$B$154,$A15)) | C15: =IF($A15="","",SUMIF(Grants!$B$5:$B$154,$A15,Grants!$F$5:$F$154)) | D15: =IF($A15="","",SUMIF(Grants!$B$5:$B$154,$A15,Grants!$L$5:$L$154)) | E15: =IF($A15="","",COUNTIFS(Grants!$B$5:$B$154,$A15,Grants!$I$5:$I$154,"Awarded")) | F15: =IF($A15="","",IF(COUNTIFS(Grants!$B$5:$B$154,$A15,Grants!$I$5:$I$154,"Awarded")+COUNTIFS(Grants!$B$5:$B$154,$A15,Grants!$I$5:$I$154,"Rejected")=0,"—",TEXT(COUNTIFS(Grants!$B$5:$B$154,$A15,Grants!$I$5:$I$154,"Awarded")/(COUNTIFS(Grants!$B$5:$B$154,$A15,Grants!$I$5:$I$154,"Awarded")+COUNTIFS(Grants!$B$5:$B$154,$A15,Grants!$I$5:$I$154,"Rejected")),"0%")))
B16: =IF($A16="","",COUNTIF(Grants!$B$5:$B$154,$A16)) | C16: =IF($A16="","",SUMIF(Grants!$B$5:$B$154,$A16,Grants!$F$5:$F$154)) | D16: =IF($A16="","",SUMIF(Grants!$B$5:$B$154,$A16,Grants!$L$5:$L$154)) | E16: =IF($A16="","",COUNTIFS(Grants!$B$5:$B$154,$A16,Grants!$I$5:$I$154,"Awarded")) | F16: =IF($A16="","",IF(COUNTIFS(Grants!$B$5:$B$154,$A16,Grants!$I$5:$I$154,"Awarded")+COUNTIFS(Grants!$B$5:$B$154,$A16,Grants!$I$5:$I$154,"Rejected")=0,"—",TEXT(COUNTIFS(Grants!$B$5:$B$154,$A16,Grants!$I$5:$I$154,"Awarded")/(COUNTIFS(Grants!$B$5:$B$154,$A16,Grants!$I$5:$I$154,"Awarded")+COUNTIFS(Grants!$B$5:$B$154,$A16,Grants!$I$5:$I$154,"Rejected")),"0%")))
B17: =IF($A17="","",COUNTIF(Grants!$B$5:$B$154,$A17)) | C17: =IF($A17="","",SUMIF(Grants!$B$5:$B$154,$A17,Grants!$F$5:$F$154)) | D17: =IF($A17="","",SUMIF(Grants!$B$5:$B$154,$A17,Grants!$L$5:$L$154)) | E17: =IF($A17="","",COUNTIFS(Grants!$B$5:$B$154,$A17,Grants!$I$5:$I$154,"Awarded")) | F17: =IF($A17="","",IF(COUNTIFS(Grants!$B$5:$B$154,$A17,Grants!$I$5:$I$154,"Awarded")+COUNTIFS(Grants!$B$5:$B$154,$A17,Grants!$I$5:$I$154,"Rejected")=0,"—",TEXT(COUNTIFS(Grants!$B$5:$B$154,$A17,Grants!$I$5:$I$154,"Awarded")/(COUNTIFS(Grants!$B$5:$B$154,$A17,Grants!$I$5:$I$154,"Awarded")+COUNTIFS(Grants!$B$5:$B$154,$A17,Grants!$I$5:$I$154,"Rejected")),"0%")))
B18: =IF($A18="","",COUNTIF(Grants!$B$5:$B$154,$A18)) | C18: =IF($A18="","",SUMIF(Grants!$B$5:$B$154,$A18,Grants!$F$5:$F$154)) | D18: =IF($A18="","",SUMIF(Grants!$B$5:$B$154,$A18,Grants!$L$5:$L$154)) | E18: =IF($A18="","",COUNTIFS(Grants!$B$5:$B$154,$A18,Grants!$I$5:$I$154,"Awarded")) | F18: =IF($A18="","",IF(COUNTIFS(Grants!$B$5:$B$154,$A18,Grants!$I$5:$I$154,"Awarded")+COUNTIFS(Grants!$B$5:$B$154,$A18,Grants!$I$5:$I$154,"Rejected")=0,"—",TEXT(COUNTIFS(Grants!$B$5:$B$154,$A18,Grants!$I$5:$I$154,"Awarded")/(COUNTIFS(Grants!$B$5:$B$154,$A18,Grants!$I$5:$I$154,"Awarded")+COUNTIFS(Grants!$B$5:$B$154,$A18,Grants!$I$5:$I$154,"Rejected")),"0%")))
B19: =IF($A19="","",COUNTIF(Grants!$B$5:$B$154,$A19)) | C19: =IF($A19="","",SUMIF(Grants!$B$5:$B$154,$A19,Grants!$F$5:$F$154)) | D19: =IF($A19="","",SUMIF(Grants!$B$5:$B$154,$A19,Grants!$L$5:$L$154)) | E19: =IF($A19="","",COUNTIFS(Grants!$B$5:$B$154,$A19,Grants!$I$5:$I$154,"Awarded")) | F19: =IF($A19="","",IF(COUNTIFS(Grants!$B$5:$B$154,$A19,Grants!$I$5:$I$154,"Awarded")+COUNTIFS(Grants!$B$5:$B$154,$A19,Grants!$I$5:$I$154,"Rejected")=0,"—",TEXT(COUNTIFS(Grants!$B$5:$B$154,$A19,Grants!$I$5:$I$154,"Awarded")/(COUNTIFS(Grants!$B$5:$B$154,$A19,Grants!$I$5:$I$154,"Awarded")+COUNTIFS(Grants!$B$5:$B$154,$A19,Grants!$I$5:$I$154,"Rejected")),"0%")))
B20: =IF($A20="","",COUNTIF(Grants!$B$5:$B$154,$A20)) | C20: =IF($A20="","",SUMIF(Grants!$B$5:$B$154,$A20,Grants!$F$5:$F$154)) | D20: =IF($A20="","",SUMIF(Grants!$B$5:$B$154,$A20,Grants!$L$5:$L$154)) | E20: =IF($A20="","",COUNTIFS(Grants!$B$5:$B$154,$A20,Grants!$I$5:$I$154,"Awarded")) | F20: =IF($A20="","",IF(COUNTIFS(Grants!$B$5:$B$154,$A20,Grants!$I$5:$I$154,"Awarded")+COUNTIFS(Grants!$B$5:$B$154,$A20,Grants!$I$5:$I$154,"Rejected")=0,"—",TEXT(COUNTIFS(Grants!$B$5:$B$154,$A20,Grants!$I$5:$I$154,"Awarded")/(COUNTIFS(Grants!$B$5:$B$154,$A20,Grants!$I$5:$I$154,"Awarded")+COUNTIFS(Grants!$B$5:$B$154,$A20,Grants!$I$5:$I$154,"Rejected")),"0%")))
B21: =IF($A21="","",COUNTIF(Grants!$B$5:$B$154,$A21)) | C21: =IF($A21="","",SUMIF(Grants!$B$5:$B$154,$A21,Grants!$F$5:$F$154)) | D21: =IF($A21="","",SUMIF(Grants!$B$5:$B$154,$A21,Grants!$L$5:$L$154)) | E21: =IF($A21="","",COUNTIFS(Grants!$B$5:$B$154,$A21,Grants!$I$5:$I$154,"Awarded")) | F21: =IF($A21="","",IF(COUNTIFS(Grants!$B$5:$B$154,$A21,Grants!$I$5:$I$154,"Awarded")+COUNTIFS(Grants!$B$5:$B$154,$A21,Grants!$I$5:$I$154,"Rejected")=0,"—",TEXT(COUNTIFS(Grants!$B$5:$B$154,$A21,Grants!$I$5:$I$154,"Awarded")/(COUNTIFS(Grants!$B$5:$B$154,$A21,Grants!$I$5:$I$154,"Awarded")+COUNTIFS(Grants!$B$5:$B$154,$A21,Grants!$I$5:$I$154,"Rejected")),"0%")))
... B29: =IF($A29="","",COUNTIF(Grants!$B$5:$B$154,$A29)) | C29: =IF($A29="","",SUMIF(Grants!$B$5:$B$154,$A29,Grants!$F$5:$F$154)) | D29: =IF($A29="","",SUMIF(Grants!$B$5:$B$154,$A29,Grants!$L$5:$L$154)) | E29: =IF($A29="","",COUNTIFS(Grants!$B$5:$B$154,$A29,Grants!$I$5:$I$154,"Awarded")) | F29: =IF($A29="","",IF(COUNTIFS(Grants!$B$5:$B$154,$A29,Grants!$I$5:$I$154,"Awarded")+COUNTIFS(Grants!$B$5:$B$154,$A29,Grants!$I$5:$I$154,"Rejected")=0,"—",TEXT(COUNTIFS(Grants!$B$5:$B$154,$A29,Grants!$I$5:$I$154,"Awarded")/(COUNTIFS(Grants!$B$5:$B$154,$A29,Grants!$I$5:$I$154,"Awarded")+COUNTIFS(Grants!$B$5:$B$154,$A29,Grants!$I$5:$I$154,"Rejected")),"0%")))

Sheet AI Prompts
A1: AI Academic Prompts
A2: 6 prompts for the hard parts of academic funding and publishing. They make the AI your assistant — the thinking stays yours.
A4: # | B4: Stage | C4: When to use it | D4: Prompt (copy, fill the [brackets], paste)
A5: 1 | B5: Grants | C5: Grant one-pager | D5: I'm preparing a grant application to [funder / programme]. My project idea in 3–5 sentences: [problem, approach, what's new]. Target amount and duration: [amount, duration]. Draft a one-page summary with these sections: the problem and why now (2 sentences), the research question, the approach in 3 numbered steps, why this fits THIS funder (their stated priorities: [paste 1–2 lines from the call]), expected outputs, and a 3-row risk-and-mitigation table. Write plainly — no adjectives that praise the project. Wherever I haven't given you enough, insert [GAP: what's missing] instead of inventing.
A6: 2 | B6: Grants | C6: Aims-page panel critique | D6: Here is the aims/objectives page of my grant draft: [paste aims page] Act as a skeptical review panel of three: a methods expert, a field expert, and a generalist who has read 40 applications today. For each reviewer: the two weakest points they would flag (quote my exact phrase), the question they would raise in the panel meeting, and how it would hurt my score. Then rewrite my aims so that each aim is one testable claim with its own success criterion — and no aim depends on a previous aim succeeding.
A7: 3 | B7: Grants | C7: Should I even apply? (fit check) | D7: I found this funding call: [paste call summary] My profile: [2–3 sentences: field, career stage, track-record highlights]. Time I can realistically invest before the deadline: [hours]. Be my hard-nosed mentor. Score the fit 0–10 on: (1) thematic fit, (2) eligibility and career-stage fit, (3) competitiveness of my track record for THIS instrument, (4) effort-to-award ratio. Then a clear verdict: apply, apply only if [condition], or skip. If skip: name the one thing to build this year so next year's answer is apply.
A8: 4 | B8: Papers | C8: Reviewer-2 simulation | D8: Here is a section of my manuscript: [paste text] Be Reviewer 2 — rigorous, unimpressed, fair. List your objections in order of severity: unsupported claims, logical jumps, overclaimed contributions, method–conclusion mismatches, missing literature. For each objection: quote the exact sentence, say why it fails, and what would fix it. End with the single revision most likely to change the editor's decision.
A9: 5 | B9: Papers | C9: Response-to-reviewers builder | D9: I received a [major/minor] revision decision for my manuscript '[title]'. Here are the reviewer comments: [paste comments] Draft a point-by-point response document: number every comment, quote it, then respond by (a) stating exactly what changed and where (use page/line placeholders), or (b) respectfully pushing back with evidence where the request is wrong or out of scope — at most [N] pushbacks, only on my strongest points. Thank without groveling. Flag every place the reviewers contradict each other, and draft one sentence to the editor explaining how I resolved it.
A10: 6 | B10: Papers | C10: No-hype cover letter | D10: Draft a submission cover letter to the editor of [journal] for my manuscript '[title]'. My study in 3 sentences: [question, method, key finding]. Why this journal, honestly: [1 sentence]. Keep it under 250 words: what the paper shows, why it fits the journal's scope, what is new relative to [1–2 related papers the journal published], plus the standard declarations (original work, not under consideration elsewhere, no competing interests, all authors approved). No hype adjectives, and no retelling of the whole paper — editors read the abstract.

Sheet Lists
A1: Idea | B1: Drafting | C1: Planned | D1: Invited | E1: PI | F1: First author | G1: To do
A2: Preparing | B2: Submitted | C2: Abstract submitted | D2: Accepted | E2: Co-PI | F2: Corresponding | G2: In progress
A3: Submitted | B3: Under review | C3: Accepted (talk) | D3: In progress | E3: Co-applicant | F3: Co-author | G3: Ready
A4: Under review | B4: Major revision | C4: Accepted (poster) | D4: Submitted | E4: Collaborator | F4: Senior/Last
A5: Awarded | B5: Minor revision | C5: Rejected | D5: Declined
A6: Rejected | B6: R&R in progress | C6: Attended
A7: Withdrawn | B7: Resubmitted
B8: Accepted
B9: Rejected
B10: Withdrawn
