Workbook

Sheet Start Here
B2: Literature Review Tracker
B3: From search strings to synthesis — your whole literature review in one calm spreadsheet.
B5: HOW TO USE THIS WORKBOOK
B6: 1 · Dashboard — your review at a glance. Screening progress, reading progress, contradictions, gaps. Never type in a grey cell.
B7: 2 · Search Log — one row per search: database, date, the EXACT string, hits. A search counts once its exact string is logged. Your methods section will thank you.
B8: 3 · Screening — one row per record. Decide Include / Exclude / Maybe / Duplicate and pick the reason. The 'In Deep Read?' column checks automatically which included sources you still need to carry over — copy the Author (Year) cell into Deep Read, don't retype it: the auto-check matches the exact text.
B9: 4 · Deep Read — 300 rows, 19 fields per source: findings, methods, limitations, the gap it leaves open, quotes with page numbers, your critique.
B10: 5 · Synthesis Matrix — rename the theme columns to YOUR themes, then mark each source: Core / Supports / Contradicts / Mentions. The gap column is where your contribution starts.
B11: 6 · AI Research Prompts — 8 copy-paste prompts for real review work. They make the AI your assistant — the judgment stays yours.
B13: GOOGLE SHEETS: File → Import → Upload this file. Formulas, dropdowns and colors survive the trip.
B14: TIP: Duplicate the file per review. Archive, don't delete — your Search Log is the audit trail reviewers ask about.
B16: LICENSE — Personal use. One buyer, unlimited own projects & devices. Please don't resell or redistribute.
B17: Questions or a broken formula? Message us on Etsy or kontakt@arbeitstyp.de — we answer within 48 h.

Sheet Lists
A1: To read | B1: Include | C1: High | D1: Journal article | E1: Google Scholar | F1: Title/Abstract | G1: Off-topic | H1: Core
A2: Reading | B2: Exclude | C2: Medium | D2: Book | E2: Scopus | F2: Full text | G2: Wrong population | H2: Supports
A3: Read | B3: Maybe | C3: Low | D3: Book chapter | E3: Web of Science | G3: Wrong method/design | H3: Contradicts
A4: Cited | B4: Duplicate | D4: Conference paper | E4: PubMed | G4: Wrong outcome | H4: Mentions
A5: Parked | D5: Preprint | E5: PsycINFO | G5: Not peer-reviewed
D6: Thesis | E6: ERIC | G6: Wrong language
D7: Report | E7: IEEE Xplore | G7: Duplicate
D8: Web/Other | E8: JSTOR | G8: No full text access
E9: ProQuest | G9: Other
E10: arXiv
E11: SSRN
E12: Other

Sheet Dashboard
A1: Dashboard
A2: Live overview — all numbers update automatically from the other sheets.
A4: SEARCH & SCREENING | D4: DEEP READING | G4: SYNTHESIS & GAPS
A5: Searches logged | B5: Records screened | D5: Sources tracked | E5: Read or cited | G5: Theme links mapped | H5: Contradictions
A6: =COUNTA('Search Log'!D5:D104) | B6: =COUNTA(Screening!B5:B504) | D6: =COUNTA('Deep Read'!B5:B304) | E6: =COUNTIF('Deep Read'!F5:F304,"Read")+COUNTIF('Deep Read'!F5:F304,"Cited") | G6: =COUNTA('Synthesis Matrix'!C6:J155) | H6: =COUNTIF('Synthesis Matrix'!C6:J155,"Contradicts")
A8: Included | B8: Screening progress | D8: Reading now | E8: High-priority to read | G8: Gaps flagged | H8: Sources with quotes
A9: =COUNTIF(Screening!G5:G504,"Include") | B9: =IF(COUNTA(Screening!B5:B504)=0,"—",TEXT((COUNTIF(Screening!G5:G504,"Include")+COUNTIF(Screening!G5:G504,"Exclude")+COUNTIF(Screening!G5:G504,"Duplicate"))/COUNTA(Screening!B5:B504),"0%")) | D9: =COUNTIF('Deep Read'!F5:F304,"Reading") | E9: =COUNTIFS('Deep Read'!G5:G304,"High",'Deep Read'!F5:F304,"To read") | G9: =COUNTA('Synthesis Matrix'!L6:L155)+COUNTA('Deep Read'!N5:N304) | H9: =COUNTA('Deep Read'!O5:O304)
A12: PRISMA 2020 FLOW — THE NUMBERS YOU NEED
A13: Identified (records exported) | B13: Screened (after dedup) | D13: Duplicates removed | E13: Excluded | G13: Undecided (Maybe) | H13: Included
A14: =IF(SUM('Search Log'!G5:G104)=0,"—",SUM('Search Log'!G5:G104)) | B14: =COUNTA(Screening!B5:B504)-COUNTIF(Screening!G5:G504,"Duplicate") | D14: =COUNTIF(Screening!G5:G504,"Duplicate") | E14: =COUNTIF(Screening!G5:G504,"Exclude") | G14: =COUNTIF(Screening!G5:G504,"Maybe") | H14: =COUNTIF(Screening!G5:G504,"Include")
A16: The headline counts for a PRISMA 2020 flow diagram — stage-level splits (reason × stage) live in your Screening sheet, filter by Stage + Reason.
A17: Never type on this sheet — it computes itself.

Sheet Search Log
A1: Search Log
A2: One row per search. Log the EXACT string and the hit count — your methods section and your future self will thank you.
A4: # | B4: Date | C4: Database | D4: Search string (exact) | E4: Filters / limits | F4: Results | G4: Exported to Screening | H4: Notes / refine next
A5: =IF(D5="","",ROW()-4)
A6: =IF(D6="","",ROW()-4)
A7: =IF(D7="","",ROW()-4)
A8: =IF(D8="","",ROW()-4)
A9: =IF(D9="","",ROW()-4)
A10: =IF(D10="","",ROW()-4)
A11: =IF(D11="","",ROW()-4)
A12: =IF(D12="","",ROW()-4)
A13: =IF(D13="","",ROW()-4)
A14: =IF(D14="","",ROW()-4)
A15: =IF(D15="","",ROW()-4)
A16: =IF(D16="","",ROW()-4)
... A104: =IF(D104="","",ROW()-4)

Sheet Screening
A1: Screening Pipeline
A2: Decide Include / Exclude / Maybe / Duplicate — with the reason. The In-Deep-Read column checks itself — copy the Author (Year) cell into Deep Read, don't retype it.
A4: # | B4: Author (Year) | C4: Title | D4: Source / journal | E4: From search # | F4: Stage | G4: Decision | H4: Exclusion reason | I4: In Deep Read? | J4: Notes
A5: =IF(B5="","",ROW()-4) | I5: =IF(B5="","",IF(COUNTIF('Deep Read'!$B$5:$B$304,B5)>0,"✓",IF(G5="Include","→ add","")))
A6: =IF(B6="","",ROW()-4) | I6: =IF(B6="","",IF(COUNTIF('Deep Read'!$B$5:$B$304,B6)>0,"✓",IF(G6="Include","→ add","")))
A7: =IF(B7="","",ROW()-4) | I7: =IF(B7="","",IF(COUNTIF('Deep Read'!$B$5:$B$304,B7)>0,"✓",IF(G7="Include","→ add","")))
A8: =IF(B8="","",ROW()-4) | I8: =IF(B8="","",IF(COUNTIF('Deep Read'!$B$5:$B$304,B8)>0,"✓",IF(G8="Include","→ add","")))
A9: =IF(B9="","",ROW()-4) | I9: =IF(B9="","",IF(COUNTIF('Deep Read'!$B$5:$B$304,B9)>0,"✓",IF(G9="Include","→ add","")))
A10: =IF(B10="","",ROW()-4) | I10: =IF(B10="","",IF(COUNTIF('Deep Read'!$B$5:$B$304,B10)>0,"✓",IF(G10="Include","→ add","")))
A11: =IF(B11="","",ROW()-4) | I11: =IF(B11="","",IF(COUNTIF('Deep Read'!$B$5:$B$304,B11)>0,"✓",IF(G11="Include","→ add","")))
A12: =IF(B12="","",ROW()-4) | I12: =IF(B12="","",IF(COUNTIF('Deep Read'!$B$5:$B$304,B12)>0,"✓",IF(G12="Include","→ add","")))
A13: =IF(B13="","",ROW()-4) | I13: =IF(B13="","",IF(COUNTIF('Deep Read'!$B$5:$B$304,B13)>0,"✓",IF(G13="Include","→ add","")))
A14: =IF(B14="","",ROW()-4) | I14: =IF(B14="","",IF(COUNTIF('Deep Read'!$B$5:$B$304,B14)>0,"✓",IF(G14="Include","→ add","")))
A15: =IF(B15="","",ROW()-4) | I15: =IF(B15="","",IF(COUNTIF('Deep Read'!$B$5:$B$304,B15)>0,"✓",IF(G15="Include","→ add","")))
A16: =IF(B16="","",ROW()-4) | I16: =IF(B16="","",IF(COUNTIF('Deep Read'!$B$5:$B$304,B16)>0,"✓",IF(G16="Include","→ add","")))
... A504: =IF(B504="","",ROW()-4) | I504: =IF(B504="","",IF(COUNTIF('Deep Read'!$B$5:$B$304,B504)>0,"✓",IF(G504="Include","→ add","")))

Sheet Deep Read
A1: Deep Read Tracker
A2: One row per included source. The three columns nobody else has: their limitations, the gap they leave open, and your critique.
A4: # | B4: Author (Year) | C4: Title | D4: Source / journal | E4: Type | F4: Status | G4: Priority | H4: Relevance (1–5) | I4: Research aim / question | J4: Theory / framework | K4: Method & sample | L4: Key findings | M4: Limitations (theirs) | N4: Gap it leaves open | O4: Best quotes (+ page) | P4: My critique | Q4: Themes / tags | R4: DOI / link | S4: Added
A5: =IF(B5="","",ROW()-4)
A6: =IF(B6="","",ROW()-4)
A7: =IF(B7="","",ROW()-4)
A8: =IF(B8="","",ROW()-4)
A9: =IF(B9="","",ROW()-4)
A10: =IF(B10="","",ROW()-4)
A11: =IF(B11="","",ROW()-4)
A12: =IF(B12="","",ROW()-4)
A13: =IF(B13="","",ROW()-4)
A14: =IF(B14="","",ROW()-4)
A15: =IF(B15="","",ROW()-4)
A16: =IF(B16="","",ROW()-4)
... A304: =IF(B304="","",ROW()-4)

Sheet Synthesis Matrix
A1: Synthesis Matrix
A2: Rename Theme 1–8 to YOUR themes (just type over the header). Mark each source per theme — the gap column is where your contribution starts.
A4: # | B4: Source (Author, Year) | C4: Theme 1 | D4: Theme 2 | E4: Theme 3 | F4: Theme 4 | G4: Theme 5 | H4: Theme 6 | I4: Theme 7 | J4: Theme 8 | K4: Coverage | L4: Gap / what's missing
B5: Sources per theme → | C5: =IF(COUNTA(C6:C155)=0,"—",COUNTA(C6:C155)) | D5: =IF(COUNTA(D6:D155)=0,"—",COUNTA(D6:D155)) | E5: =IF(COUNTA(E6:E155)=0,"—",COUNTA(E6:E155)) | F5: =IF(COUNTA(F6:F155)=0,"—",COUNTA(F6:F155)) | G5: =IF(COUNTA(G6:G155)=0,"—",COUNTA(G6:G155)) | H5: =IF(COUNTA(H6:H155)=0,"—",COUNTA(H6:H155)) | I5: =IF(COUNTA(I6:I155)=0,"—",COUNTA(I6:I155)) | J5: =IF(COUNTA(J6:J155)=0,"—",COUNTA(J6:J155))
A6: =IF(B6="","",ROW()-5) | K6: =IF(B6="","",COUNTA(C6:J6))
A7: =IF(B7="","",ROW()-5) | K7: =IF(B7="","",COUNTA(C7:J7))
A8: =IF(B8="","",ROW()-5) | K8: =IF(B8="","",COUNTA(C8:J8))
A9: =IF(B9="","",ROW()-5) | K9: =IF(B9="","",COUNTA(C9:J9))
A10: =IF(B10="","",ROW()-5) | K10: =IF(B10="","",COUNTA(C10:J10))
A11: =IF(B11="","",ROW()-5) | K11: =IF(B11="","",COUNTA(C11:J11))
A12: =IF(B12="","",ROW()-5) | K12: =IF(B12="","",COUNTA(C12:J12))
A13: =IF(B13="","",ROW()-5) | K13: =IF(B13="","",COUNTA(C13:J13))
A14: =IF(B14="","",ROW()-5) | K14: =IF(B14="","",COUNTA(C14:J14))
A15: =IF(B15="","",ROW()-5) | K15: =IF(B15="","",COUNTA(C15:J15))
A16: =IF(B16="","",ROW()-5) | K16: =IF(B16="","",COUNTA(C16:J16))
A17: =IF(B17="","",ROW()-5) | K17: =IF(B17="","",COUNTA(C17:J17))
... A155: =IF(B155="","",ROW()-5) | K155: =IF(B155="","",COUNTA(C155:J155))

Sheet AI Prompts
A1: AI Research Prompts
A2: 8 prompts tuned for literature reviews. They make the AI your assistant — the judgment stays yours.
A4: # | B4: Stage | C4: When to use it | D4: Prompt (copy, fill the [brackets], paste)
A5: 1 | B5: Search | C5: Search strategy builder | D5: I'm starting a literature review on [topic]. My research question: [research question]. Build me a search strategy: (1) break the question into 2–4 concept blocks, each with 5–8 synonyms and related terms researchers actually use, (2) combine them into ready-to-paste search strings for [Google Scholar / Scopus / Web of Science / PubMed], using AND/OR and quotation marks correctly for each database, (3) add one deliberately narrower and one deliberately broader variant — and tell me what each variant will miss. I'll log every string and its hit count in my search log.
A6: 2 | B6: Screening | C6: Abstract triage | D6: I'm screening records for a literature review on [topic]. Inclusion criteria: [criteria]. Exclusion criteria: [criteria]. Here are the abstracts, numbered: [paste 5–20 abstracts] For each: verdict (Include / Exclude / Maybe) plus the single criterion that decides it, in a compact table. Flag every borderline case and say what I'd need to check in the full text. Be conservative: when in doubt, say Maybe — the decision stays mine, and I record it with a reason in my screening sheet.
A7: 3 | B7: Reading | C7: Critical read of a key source | D7: Here is the methods section of a paper I want to build my review on: [paste methods] Act as a critical reader: name the 3 strongest design choices, the 3 biggest threats to validity, and the populations or contexts the findings should NOT be generalized to. Then write the two-sentence limitations note I should store in my tracker — factual, no snark. (I know this doesn't replace a validated appraisal instrument — I want a sharp first pass.)
A8: 4 | B8: Reading | C8: Quote extraction with page numbers | D8: Below is a section of a paper. Page numbers are marked in the text. [paste text with page markers, e.g. 'p. 214:'] Extract the 4–6 most quotable passages VERBATIM, each with its page number, and for each add one line on the argumentative job it could do in my review of [topic] — support, counterpoint, definition, or striking evidence. Flag any quote that could read differently in its full context. Never paraphrase inside quotation marks.
A9: 5 | B9: Synthesis | C9: Theme builder for the matrix | D9: Here are the key findings from my literature review so far, one line per source with author and year: [paste findings] Group them into 4–7 themes I can use as columns in my synthesis matrix. For each theme: a short name (2–4 words), the core claim the sources share, which sources support it, which contradict it, and which merely mention it. End with the two themes most central to [research question] — and why.
A10: 6 | B10: Synthesis | C10: Contradiction resolver | D10: In my synthesis matrix, two sources disagree: [source A] finds [finding A], but [source B] finds [finding B]. Give me three candidate explanations: different populations or contexts, different measures or definitions, or a genuine moderator. For each: what in the two papers supports it, and what I should check first. Then draft one fair paragraph for my review chapter that presents the disagreement accurately without taking a side I can't defend yet.
A11: 7 | B11: Gap | C11: Gap analysis from the matrix | D11: Based on my synthesis matrix — my themes: [list themes]; per theme, who covers it and how: [paste matrix summary or findings list] — name the 3 most defensible research gaps. For each: what exactly is unknown, why the existing sources don't answer it (coverage, method, population, or unresolved contradiction), and what kind of study could. Be strict: 'more research is needed' is not a gap. Rank the three by how well they would hold up in front of a skeptical reviewer.
A12: 8 | B12: Writing | C12: Reviewer 2 for your review chapter | D12: Here is a draft section of my literature review: [paste text] Be Reviewer 2 — rigorous, unimpressed, fair. List your objections in order of severity: claims without a citation, sources summarized but never synthesized, 'themes' that are really just chronology, missing counter-evidence, overgeneralizations. For each objection: quote the exact sentence and say what would fix it. End with the one structural change that would improve the chapter most.
