Workbook

Sheet Start Here
B2: PhD Research OS
B3: Everything your dissertation needs in one place — literature, chapters, meetings, momentum.
B5: HOW TO USE THIS WORKBOOK
B6: 1 · Dashboard — your research at a glance. Every number updates automatically; never type in a grey cell.
B7: 2 · Literature Tracker — one row per source. Use the Status dropdown; the dashboard counts everything for you.
B8: 3 · Chapter Pipeline — break the thesis into sections, set target words, watch the % column fill up.
B9: 4 · Supervisor Meetings — prepare the agenda BEFORE, log decisions and action items AFTER. Nothing gets lost.
B10: 5 · Weekly Plan — one honest row per week: what you planned, what happened, what you learned.
B11: 6 · Milestones — deadlines with live days-left countdown.
B12: 7 · AI Research Prompts — 15 copy-paste prompts tuned for real research work (synthesis, critique, meeting prep).
B14: GOOGLE SHEETS: File → Import → Upload this file. Everything (formulas, dropdowns, colors) survives the trip.
B15: TIP: Duplicate the file per project. Archive, don't delete — your Literature Tracker becomes your citation memory.
... B18: Questions or a broken formula? kontakt@arbeitstyp.de — we fix it within 48 h.

Sheet Lists
A1: To screen | B1: Journal article | C1: High | D1: Not started | E1: Open | F1: Admin
A2: To read | B2: Book | C2: Medium | D2: Outline | E2: In progress | F2: Literature
A3: Reading | B3: Book chapter | C3: Low | D3: Drafting | E3: Done | F3: Data
A4: Read | B4: Conference paper | D4: Full draft | E4: Dropped | F4: Analysis
A5: Excluded | B5: Preprint | D5: Revising | F5: Writing
B6: Thesis | D6: With supervisor | F6: Publication
B7: Report | D7: Final | F7: Defense
B8: Web/Other

Sheet Dashboard
A1: Dashboard
A2: Live overview — all numbers update automatically from the other sheets.
A4: LITERATURE | D4: WRITING | G4: MOMENTUM
A5: Sources total | B5: Read | D5: Words written | E5: of target | G5: Open action items | H5: Next deadline (days)
A6: =COUNTA(Literature!B5:B304) | B6: =COUNTIF(Literature!F5:F304,"Read") | D6: =SUM(Chapters!E5:E104) | E6: =IF(SUM(Chapters!D5:D104)=0,"—",TEXT(SUM(Chapters!E5:E104)/SUM(Chapters!D5:D104),"0%")) | G6: =COUNTIF(Meetings!G5:G304,"Open")+COUNTIF(Meetings!G5:G304,"In progress") | H6: =IFERROR(MIN(Milestones!E5:E104),"—")
A8: Reading now | B8: Still to read | D8: Sections final | E8: Sections drafting | G8: Weeks logged | H8: Sources excluded
A9: =COUNTIF(Literature!F5:F304,"Reading") | B9: =COUNTIF(Literature!F5:F304,"To read")+COUNTIF(Literature!F5:F304,"To screen") | D9: =COUNTIF(Chapters!C5:C104,"Final") | E9: =COUNTIF(Chapters!C5:C104,"Drafting")+COUNTIF(Chapters!C5:C104,"Outline") | G9: =COUNTA(Weekly!A5:A160) | H9: =COUNTIF(Literature!F5:F304,"Excluded")
A12: Never type on this sheet — it computes itself.

Sheet Literature
A1: Literature Tracker
A2: One row per source. Dropdowns in Type, Status, Priority. The Dashboard counts rows 5–304.
A4: # | B4: Author (Year) | C4: Title | D4: Source / Journal | E4: Type | F4: Status | G4: Priority | H4: Relevance (1–5) | I4: Research question | J4: Key findings | K4: Method & sample | L4: Best quotes (+page) | M4: My notes / critique | N4: Themes / tags | O4: DOI / link | P4: Added
A5: =IF(B5="","",ROW()-4) | B5: Miller (2024) | C5: Example row — replace me: The four axes of AI-assisted knowledge work | E5: Journal article | F5: Read | G5: High | H5: 5
A6: =IF(B6="","",ROW()-4)
A7: =IF(B7="","",ROW()-4)
A8: =IF(B8="","",ROW()-4)
A9: =IF(B9="","",ROW()-4)
A10: =IF(B10="","",ROW()-4)
A11: =IF(B11="","",ROW()-4)
A12: =IF(B12="","",ROW()-4)
A13: =IF(B13="","",ROW()-4)
A14: =IF(B14="","",ROW()-4)
A15: =IF(B15="","",ROW()-4)
A16: =IF(B16="","",ROW()-4)
A17: =IF(B17="","",ROW()-4)
... A304: =IF(B304="","",ROW()-4)

Sheet Chapters
A1: Chapter Pipeline
A2: Break the thesis into sections small enough to finish in a week.
A4: Chapter | B4: Section | C4: Status | D4: Target words | E4: Current words | F4: Progress | G4: Deadline | H4: Notes / next step
A5: 1 · Introduction | B5: Problem statement | C5: Full draft | D5: 1200 | E5: 1100 | F5: =IF(D5=0,"",MIN(1,E5/D5))
A6: 2 · Literature review | B6: Theoretical framework | C6: Drafting | D6: 4000 | E6: 1650 | F6: =IF(D6=0,"",MIN(1,E6/D6))
A7: 3 · Methods | B7: Study design | C7: Outline | D7: 2500 | E7: 300 | F7: =IF(D7=0,"",MIN(1,E7/D7))
F8: =IF(D8=0,"",MIN(1,E8/D8))
F9: =IF(D9=0,"",MIN(1,E9/D9))
F10: =IF(D10=0,"",MIN(1,E10/D10))
F11: =IF(D11=0,"",MIN(1,E11/D11))
F12: =IF(D12=0,"",MIN(1,E12/D12))
F13: =IF(D13=0,"",MIN(1,E13/D13))
F14: =IF(D14=0,"",MIN(1,E14/D14))
F15: =IF(D15=0,"",MIN(1,E15/D15))
F16: =IF(D16=0,"",MIN(1,E16/D16))
F17: =IF(D17=0,"",MIN(1,E17/D17))
F18: =IF(D18=0,"",MIN(1,E18/D18))
F19: =IF(D19=0,"",MIN(1,E19/D19))
... F104: =IF(D104=0,"",MIN(1,E104/D104))

Sheet Meetings
A1: Supervisor Meetings
A2: One row per action item — a meeting can span several rows. Prepare the agenda before, log decisions after.
A4: Date | B4: Agenda (prepare before) | C4: Key decisions | D4: Action item | E4: Owner | F4: Due | G4: Status | H4: Notes

Sheet Weekly
A1: Weekly Plan & Review
A2: Friday ritual, 10 minutes: close the week honestly, plan the next.
A4: Week of | B4: Reading goal | C4: Writing goal | D4: Analysis goal | E4: What actually happened | F4: One lesson | G4: Energy (1–5)

Sheet Milestones
A1: Milestones & Deadlines
A2: The dates that actually matter. Days-left counts down live.
A4: Milestone | B4: Category | C4: Due date | D4: Status | E4: Days left | F4: Notes
E5: =IF(C5="","",C5-TODAY())
E6: =IF(C6="","",C6-TODAY())
E7: =IF(C7="","",C7-TODAY())
E8: =IF(C8="","",C8-TODAY())
E9: =IF(C9="","",C9-TODAY())
E10: =IF(C10="","",C10-TODAY())
E11: =IF(C11="","",C11-TODAY())
E12: =IF(C12="","",C12-TODAY())
E13: =IF(C13="","",C13-TODAY())
E14: =IF(C14="","",C14-TODAY())
E15: =IF(C15="","",C15-TODAY())
E16: =IF(C16="","",C16-TODAY())
... E104: =IF(C104="","",C104-TODAY())

Sheet AI Prompts
A1: AI Research Prompts
A2: 15 prompts tuned for real research work. They make the AI your assistant — the thinking stays yours.
A4: # | B4: Stage | C4: When to use it | D4: Prompt (copy, fill the [brackets], paste)
A5: 1 | B5: Literature | C5: You have 15 abstracts and no overview yet. | D5: I'm researching [topic]. Here are abstracts of papers I've collected: [paste abstracts] Group them into 3–5 thematic clusters. For each cluster: a name, the core claim the papers share, and where they disagree. End with the one cluster that seems most relevant to [research question] — and why.
A6: 2 | B6: Literature | C6: Before you trust a key source. | D6: Here is the methods section of a paper I want to build on: [paste methods] Act as a critical methods reviewer: list the 3 strongest design choices, the 3 biggest threats to validity, and what population or context the findings should NOT be generalized to.
A7: 3 | B7: Literature | C7: Finding the actual gap. | D7: Based on these findings from my literature review: [paste 5–10 key findings with citations] Name the 3 most defensible research gaps — for each: what exactly is unknown, why the existing work doesn't answer it, and what study design could. Be strict: a gap is not 'more research is needed'.
A8: 4 | B8: Literature | C8: A paper contradicts your framework. | D8: My theoretical framework assumes [assumption]. This paper finds [contradicting finding]. Give me three readings: (1) the finding limits my framework — how exactly, (2) the two are compatible — under what condition, (3) the paper's result is fragile — what would make it so. Which reading needs which evidence?
A9: 5 | B9: Design | C9: Sharpening a fuzzy research question. | D9: Here is my draft research question: [question]. Rewrite it in 4 variants: narrower, broader, more mechanism-focused, more applied. For each: what data it would require and one thesis-sized risk. Then tell me which variant a committee would find most defensible, and why.
A10: 6 | B10: Design | C10: Choosing between methods. | D10: I want to answer: [research question]. I'm considering [method A] vs [method B]. Compare them on: what each can actually claim, typical sample needs, main bias risks, time cost for a solo PhD student. End with a recommendation and the single strongest objection to it.
A11: 7 | B11: Analysis | C11: Before you code qualitative data. | D11: Here is my coding framework draft: [paste codes/definitions]. Stress-test it: which codes overlap, which are defined by outcome instead of behavior, which will be impossible to apply consistently? Propose a revised codebook with crisp inclusion/exclusion rules per code.
A12: 8 | B12: Analysis | C12: Sanity-checking quantitative results. | D12: My analysis found: [result, effect size, p/CI, n]. Play the skeptical statistician: list every mundane explanation (power, multiple testing, coding errors, confounds, selection) that could produce this pattern without my hypothesis being true — ordered by likelihood, each with the check that would rule it out.
A13: 9 | B13: Writing | C13: Turning notes into a first draft. | D13: Here are my bullet notes for the section '[section name]': [paste notes] Write a first academic draft (~[N] words): claim-first paragraphs, no filler, hedged only where the evidence is genuinely thin. Mark every spot where a citation is needed as [CITE: what kind of source].
A14: 10 | B14: Writing | C14: The reviewer-2 simulation. | D14: Here is my draft section: [paste text] Be Reviewer 2 — rigorous, unimpressed, fair. List your objections in order of severity: unsupported claims, logical jumps, overgeneralizations, method-conclusion mismatches. For each: quote the exact sentence and say what would fix it.
A15: 11 | B15: Writing | C15: Cutting a bloated section. | D15: This section is [X] words and must be [Y]: [paste text] Cut it in three passes and show me each: (1) delete redundancy only, (2) also compress sentence structure, (3) also drop the weakest argument. Never touch cited claims' meaning. Tell me what pass 3 loses.
A16: 12 | B16: Writing | C16: Abstract in one shot. | D16: From this summary of my study — [2–3 sentences: question, method, key finding] — draft a 200-word abstract: background (1 sentence), gap (1), method (2), results (2–3), contribution (1). No adjectives that praise my own work.
... A19: 15 | B19: Momentum | C19: The honest weekly reset. | D19: Act as my research coach. This week I planned [goals] and actually did [reality]. Energy was [1–5]. No pep talk: name the pattern in the gap (planning error? avoidance? external?), pick the ONE task for next week that most reduces thesis risk, and shrink it to a first step of 25 minutes.
