Workbook

Sheet Start Here
B2: Systematic Review Tracker
B3: From search strings to included studies — your PRISMA 2020 flow numbers compute themselves.
B5: HOW TO USE THIS WORKBOOK — 10 STEPS
B6: STEP 1 · Protocol — write your question, PICO, criteria and registration details FIRST. Screening goes faster when criteria are decidable.
B7: STEP 2 · Search Log — one row per database or source: string, date, filters, hits. Totals flow into Dedup and PRISMA automatically.
B8: STEP 3 · Dedup — enter how many duplicates you removed; the sheet computes your records-to-screen and checks it against your screening rows.
B9: STEP 4 · TA Screening — one row per record, 500 ready. Decision dropdown (Include / Exclude / Unsure); optional second reviewer with automatic conflict flag. Records from citation searching, websites or experts skip T/A screening — enter them directly in Full-Text with Arm = Other source.
B10: STEP 5 · Full-Text — retrieved yes/no, final decision, coded exclusion reason. The reason codes roll up into PRISMA counts by reason.
B11: STEP 6 · Extraction — design, N, population, intervention/exposure, outcomes, effect. Mark rows Done so the Dashboard shows what's left.
B12: STEP 7 · Appraisal — generic domain structure with an honest limitation: it is NOT a substitute for validated instruments (RoB 2, ROBINS-I, CASP, JBI). Record the tool you actually used.
B13: STEP 8 · PRISMA Flow — never type here. Every box computes from your sheets; paste the numbers into the official PRISMA 2020 diagram template (prisma-statement.org).
B14: STEP 9 · Dashboard — progress at a glance: screened, unsure, conflicts, extraction, appraisal. Never type here either.
... B21: Questions or a broken formula? Message us on Etsy or kontakt@arbeitstyp.de — we answer within 48 h.

Sheet Lists
A1: Include | B1: R1 · Wrong population | C1: Database | D1: Database/Register | E1: Yes | F1: RCT | G1: Positive | H1: Not started | I1: Low | J1: Low concern | K1: Systematic review
A2: Exclude | B2: R2 · Wrong intervention/exposure | C2: Register | D2: Other source | E2: No | F2: Non-randomized trial | G2: Negative | H2: In progress | I2: Some concerns | J2: Moderate concern | K2: Scoping review
A3: Unsure | B3: R3 · Wrong comparator | C3: Other source | F3: Cohort | G3: Mixed | H3: Done | I3: High | J3: High concern | K3: Rapid review
B4: R4 · Wrong outcome | F4: Case-control | G4: Null | K4: Meta-analysis groundwork
B5: R5 · Wrong study design | F5: Cross-sectional | G5: Unclear | K5: Umbrella review
B6: R6 · Wrong publication type | F6: Qualitative | K6: Other
B7: R7 · Wrong language | F7: Mixed methods
B8: R8 · Duplicate | F8: Case report/series
B9: R9 · Other (see notes) | F9: Other

Sheet Dashboard
A1: Dashboard
A2: Live overview in three groups — every number computes itself from the other sheets.
A4: SEARCH
A5: Records identified | B5: Sources searched | C5: Duplicates removed | D5: Records to screen
A6: =IF(COUNTA('Search Log'!B5:B34)=0,"—",SUM('Search Log'!G5:G34)) | B6: =IF(COUNTA('Search Log'!B5:B34)=0,"—",COUNTA('Search Log'!B5:B34)) | C6: =IF(Dedup!C8="","—",Dedup!C8) | D6: =Dedup!C12
A8: SCREENING
A9: T/A decisions made | B9: Awaiting decision | C9: Unsure to resolve | D9: Conflicts flagged
A10: =IF(COUNTA('TA Screening'!D5:D504)=0,"—",COUNTA('TA Screening'!F5:F504)) | B10: =IF(COUNTA('TA Screening'!D5:D504)=0,"—",MAX(0,COUNTA('TA Screening'!D5:D504)-COUNTA('TA Screening'!F5:F504))) | C10: =IF(COUNTA('TA Screening'!D5:D504)+COUNTA('Full-Text'!C5:C204)=0,"—",COUNTIF('TA Screening'!F5:F504,"Unsure")+COUNTIF('Full-Text'!G5:G204,"Unsure")) | D10: =IF(COUNTA('TA Screening'!D5:D504)+COUNTA('Full-Text'!C5:C204)=0,"—",COUNTIF('TA Screening'!I5:I504,"⚠ resolve")+COUNTIF('Full-Text'!J5:J204,"⚠ resolve"))
A12: FULL TEXT → REVIEW
A13: Full texts assessed | B13: Studies included | C13: Extraction done | D13: Appraisals done
A14: =IF(COUNTA('Full-Text'!C5:C204)=0,"—",COUNTIF('Full-Text'!F5:F204,"Yes")) | B14: =IF(COUNTA('Full-Text'!C5:C204)=0,"—",COUNTIF('Full-Text'!G5:G204,"Include")) | C14: =IF(COUNTIF('Full-Text'!G5:G204,"Include")=0,"—",COUNTIF(Extraction!L5:L104,"Done")&" / "&COUNTIF('Full-Text'!G5:G204,"Include")) | D14: =IF(COUNTIF('Full-Text'!G5:G204,"Include")=0,"—",COUNTA(Appraisal!I5:I104)&" / "&COUNTIF('Full-Text'!G5:G204,"Include"))
A16: Never type on this sheet — it computes itself.

Sheet Protocol
A1: Protocol
A2: The review's constitution — question, criteria, registration. Fill this FIRST; screening goes faster when criteria are decidable.
B4: REVIEW
B5: Review title
B6: Review question | D6: One sentence. If it needs two, it needs sharpening — see AI Prompts #1.
B7: Review type
B9: FRAMEWORK (PICO / PECO)
B10: P — Population
B11: I/E — Intervention or Exposure
B12: C — Comparator
B13: O — Outcome(s)
B14: S — Study designs eligible
B16: INCLUSION CRITERIA (make each one decidable by a stranger)
B17: Inclusion 1
B18: Inclusion 2
B19: Inclusion 3
B20: Inclusion 4
... B30: REGISTRATION & TEAM
B31: Registry (e.g. PROSPERO, OSF) | D31: Registration is a text field here — register at the registry itself.
B32: Registration ID
B33: Date registered
B34: Protocol link
B35: Reviewer 1
B36: Reviewer 2 (optional)
B37: Conflict resolver
B38: Search run date
B39: Target completion

Sheet Search Log
A1: Search Log
A2: One row per source. Type drives the PRISMA counts — never leave it blank. Re-run the search? New row — never overwrite. PRISMA needs the audit trail.
A4: # | B4: Database / Source | C4: Type | D4: Search date | E4: Search string (exactly as run) | F4: Filters / limits | G4: Results (hits) | H4: Exported to (.ris / .csv / tool) | I4: Notes / version
A5: =IF(B5="","",ROW()-4)
A6: =IF(B6="","",ROW()-4)
A7: =IF(B7="","",ROW()-4)
A8: =IF(B8="","",ROW()-4)
A9: =IF(B9="","",ROW()-4)
A10: =IF(B10="","",ROW()-4)
A11: =IF(B11="","",ROW()-4)
A12: =IF(B12="","",ROW()-4)
A13: =IF(B13="","",ROW()-4)
A14: =IF(B14="","",ROW()-4)
A15: =IF(B15="","",ROW()-4)
A16: =IF(B16="","",ROW()-4)
... A34: =IF(B34="","",ROW()-4)

Sheet Dedup
A1: Dedup
A2: Deduplication between search and screening: auto totals in, your removals once, records-to-screen out — with a consistency check.
B4: BEFORE SCREENING
B5: Records from databases & registers (auto) | C5: =IF(COUNTA('Search Log'!B5:B34)=0,"—",SUMIF('Search Log'!C5:C34,"Database",'Search Log'!G5:G34)+SUMIF('Search Log'!C5:C34,"Register",'Search Log'!G5:G34)) | D5: computed from Search Log — grey cell, don't type
B6: Records from other sources (auto) | C6: =IF(COUNTA('Search Log'!B5:B34)=0,"—",SUMIF('Search Log'!C5:C34,"Other source",'Search Log'!G5:G34))
B8: Duplicates removed | D8: your tool: Zotero / EndNote / Rayyan / Covidence / by hand
B9: Records removed by automation tools
B10: Records removed for other reasons
B12: Records to screen (auto) | C12: =IF(C5="—","—",C5-SUM(C8:C10))
B14: Rows entered in T/A Screening (auto) | C14: =COUNTA('TA Screening'!D5:D504)
B15: Consistency check | C15: =IF(OR(C12="—",C14=0),"—",IF(C12=C14,"✓ match","⚠ differs — check for missing rows or double imports"))

Sheet TA Screening
A1: TA Screening
A2: One row per record after dedup. The Decision column IS your PRISMA count — rows 5–504. Records from citation searching, websites or experts skip T/A screening — enter them directly in Full-Text with Arm = Other source.
A4: # | B4: Record ID | C4: Author (Year) | D4: Title | E4: Source / Journal | F4: Decision (final) | G4: Exclusion reason | H4: Reviewer 2 (optional) | I4: Conflict | J4: Notes
A5: =IF(D5="","",ROW()-4) | I5: =IF(OR(F5="",H5=""),"",IF(F5=H5,"","⚠ resolve"))
A6: =IF(D6="","",ROW()-4) | I6: =IF(OR(F6="",H6=""),"",IF(F6=H6,"","⚠ resolve"))
A7: =IF(D7="","",ROW()-4) | I7: =IF(OR(F7="",H7=""),"",IF(F7=H7,"","⚠ resolve"))
A8: =IF(D8="","",ROW()-4) | I8: =IF(OR(F8="",H8=""),"",IF(F8=H8,"","⚠ resolve"))
A9: =IF(D9="","",ROW()-4) | I9: =IF(OR(F9="",H9=""),"",IF(F9=H9,"","⚠ resolve"))
A10: =IF(D10="","",ROW()-4) | I10: =IF(OR(F10="",H10=""),"",IF(F10=H10,"","⚠ resolve"))
A11: =IF(D11="","",ROW()-4) | I11: =IF(OR(F11="",H11=""),"",IF(F11=H11,"","⚠ resolve"))
A12: =IF(D12="","",ROW()-4) | I12: =IF(OR(F12="",H12=""),"",IF(F12=H12,"","⚠ resolve"))
A13: =IF(D13="","",ROW()-4) | I13: =IF(OR(F13="",H13=""),"",IF(F13=H13,"","⚠ resolve"))
A14: =IF(D14="","",ROW()-4) | I14: =IF(OR(F14="",H14=""),"",IF(F14=H14,"","⚠ resolve"))
A15: =IF(D15="","",ROW()-4) | I15: =IF(OR(F15="",H15=""),"",IF(F15=H15,"","⚠ resolve"))
A16: =IF(D16="","",ROW()-4) | I16: =IF(OR(F16="",H16=""),"",IF(F16=H16,"","⚠ resolve"))
... A504: =IF(D504="","",ROW()-4) | I504: =IF(OR(F504="",H504=""),"",IF(F504=H504,"","⚠ resolve"))

Sheet Full-Text
A1: Full-Text
A2: Every record you sought as full text gets a row — including the ones you could not retrieve. Citation-search / website / expert records enter HERE directly with Arm = Other source (they skip T/A screening). Leave Arm blank for Database/Register.
A4: # | B4: Record ID | C4: Author (Year) | D4: Title | E4: Arm | F4: Retrieved? | G4: Decision (final) | H4: Exclusion reason (coded) | I4: Reviewer 2 (optional) | J4: Conflict | K4: Notes
A5: =IF(C5="","",ROW()-4) | J5: =IF(OR(G5="",I5=""),"",IF(G5=I5,"","⚠ resolve"))
A6: =IF(C6="","",ROW()-4) | J6: =IF(OR(G6="",I6=""),"",IF(G6=I6,"","⚠ resolve"))
A7: =IF(C7="","",ROW()-4) | J7: =IF(OR(G7="",I7=""),"",IF(G7=I7,"","⚠ resolve"))
A8: =IF(C8="","",ROW()-4) | J8: =IF(OR(G8="",I8=""),"",IF(G8=I8,"","⚠ resolve"))
A9: =IF(C9="","",ROW()-4) | J9: =IF(OR(G9="",I9=""),"",IF(G9=I9,"","⚠ resolve"))
A10: =IF(C10="","",ROW()-4) | J10: =IF(OR(G10="",I10=""),"",IF(G10=I10,"","⚠ resolve"))
A11: =IF(C11="","",ROW()-4) | J11: =IF(OR(G11="",I11=""),"",IF(G11=I11,"","⚠ resolve"))
A12: =IF(C12="","",ROW()-4) | J12: =IF(OR(G12="",I12=""),"",IF(G12=I12,"","⚠ resolve"))
A13: =IF(C13="","",ROW()-4) | J13: =IF(OR(G13="",I13=""),"",IF(G13=I13,"","⚠ resolve"))
A14: =IF(C14="","",ROW()-4) | J14: =IF(OR(G14="",I14=""),"",IF(G14=I14,"","⚠ resolve"))
A15: =IF(C15="","",ROW()-4) | J15: =IF(OR(G15="",I15=""),"",IF(G15=I15,"","⚠ resolve"))
A16: =IF(C16="","",ROW()-4) | J16: =IF(OR(G16="",I16=""),"",IF(G16=I16,"","⚠ resolve"))
... A204: =IF(C204="","",ROW()-4) | J204: =IF(OR(G204="",I204=""),"",IF(G204=I204,"","⚠ resolve"))

Sheet Extraction
A1: Extraction
A2: Copy included studies over from Full-Text. Rename or add columns freely — nothing on this sheet is referenced by cell beyond column L (Status).
A4: # | B4: Study ID | C4: Author (Year) | D4: Design | E4: N | F4: Population / setting | G4: Intervention / Exposure | H4: Comparator | I4: Outcome(s) & measure | J4: Effect / key result | K4: Direction | L4: Status | M4: Notes
A5: =IF(C5="","",ROW()-4)
A6: =IF(C6="","",ROW()-4)
A7: =IF(C7="","",ROW()-4)
A8: =IF(C8="","",ROW()-4)
A9: =IF(C9="","",ROW()-4)
A10: =IF(C10="","",ROW()-4)
A11: =IF(C11="","",ROW()-4)
A12: =IF(C12="","",ROW()-4)
A13: =IF(C13="","",ROW()-4)
A14: =IF(C14="","",ROW()-4)
A15: =IF(C15="","",ROW()-4)
A16: =IF(C16="","",ROW()-4)
... A104: =IF(C104="","",ROW()-4)

Sheet Appraisal
A1: Appraisal
A2: Generic domain structure inspired by common appraisal approaches — NOT a substitute for validated instruments (RoB 2, ROBINS-I, CASP, JBI). Record the tool you actually used; Overall is your judgement, never a formula.
A4: # | B4: Study ID | C4: Author (Year) | D4: Appraisal tool used (e.g. RoB 2, ROBINS-I, CASP, JBI) | E4: D1 Selection & sampling | F4: D2 Measurement & data | G4: D3 Confounding & bias control | H4: D4 Reporting completeness | I4: Overall (your judgement) | J4: Justification / notes
A5: =IF(C5="","",ROW()-4)
A6: =IF(C6="","",ROW()-4)
A7: =IF(C7="","",ROW()-4)
A8: =IF(C8="","",ROW()-4)
A9: =IF(C9="","",ROW()-4)
A10: =IF(C10="","",ROW()-4)
A11: =IF(C11="","",ROW()-4)
A12: =IF(C12="","",ROW()-4)
A13: =IF(C13="","",ROW()-4)
A14: =IF(C14="","",ROW()-4)
A15: =IF(C15="","",ROW()-4)
A16: =IF(C16="","",ROW()-4)
... A104: =IF(C104="","",ROW()-4)

Sheet PRISMA Flow
A1: PRISMA Flow
A2: Every number a PRISMA 2020 flow diagram needs — computed from Search Log, Dedup, TA Screening and Full-Text. Never type here.
B4: IDENTIFICATION — DATABASES & REGISTERS
B5: Records identified from databases | C5: =IF(COUNTA('Search Log'!B5:B34)=0,"—",SUMIF('Search Log'!C5:C34,"Database",'Search Log'!G5:G34)) | D5: auto from Search Log
B6: Records identified from registers | C6: =IF(COUNTA('Search Log'!B5:B34)=0,"—",SUMIF('Search Log'!C5:C34,"Register",'Search Log'!G5:G34)) | D6: auto from Search Log
B7: Records removed: duplicates | C7: =IF(Dedup!C8="","—",Dedup!C8) | D7: from Dedup — you enter once
B8: Records removed: automation tools | C8: =IF(Dedup!C9="","—",Dedup!C9) | D8: from Dedup — you enter once
B9: Records removed: other reasons | C9: =IF(Dedup!C10="","—",Dedup!C10) | D9: from Dedup — you enter once
B11: SCREENING
B12: Records screened | C12: =Dedup!C12 | D12: auto from Dedup
B13: Records excluded at title/abstract | C13: =IF(COUNTA('TA Screening'!F5:F504)=0,"—",COUNTIF('TA Screening'!F5:F504,"Exclude")) | D13: auto from TA Screening
B14: Reports sought for retrieval | C14: =IF(COUNTA('TA Screening'!F5:F504)=0,"—",COUNTIF('TA Screening'!F5:F504,"Include")) | D14: auto from TA Screening
B15: Reports not retrieved | C15: =IF(COUNTA('Full-Text'!C5:C204)=0,"—",COUNTIF('Full-Text'!F5:F204,"No")-COUNTIFS('Full-Text'!F5:F204,"No",'Full-Text'!E5:E204,"Other source")) | D15: auto from Full-Text
B16: Reports assessed for eligibility | C16: =IF(COUNTA('Full-Text'!C5:C204)=0,"—",COUNTIF('Full-Text'!F5:F204,"Yes")-COUNTIFS('Full-Text'!F5:F204,"Yes",'Full-Text'!E5:E204,"Other source")) | D16: auto from Full-Text
B18: REPORTS EXCLUDED, WITH REASONS
B19: Reports excluded — total | C19: =IF(COUNTA('Full-Text'!C5:C204)=0,"—",COUNTIF('Full-Text'!G5:G204,"Exclude")-COUNTIFS('Full-Text'!G5:G204,"Exclude",'Full-Text'!E5:E204,"Other source")) | D19: auto from Full-Text
B20: R1 · Wrong population | C20: =IF(COUNTA('Full-Text'!C5:C204)=0,"—",COUNTIFS('Full-Text'!G5:G204,"Exclude",'Full-Text'!H5:H204,"R1 · Wrong population")-COUNTIFS('Full-Text'!G5:G204,"Exclude",'Full-Text'!H5:H204,"R1 · Wrong population",'Full-Text'!E5:E204,"Other source"))
B21: R2 · Wrong intervention/exposure | C21: =IF(COUNTA('Full-Text'!C5:C204)=0,"—",COUNTIFS('Full-Text'!G5:G204,"Exclude",'Full-Text'!H5:H204,"R2 · Wrong intervention/exposure")-COUNTIFS('Full-Text'!G5:G204,"Exclude",'Full-Text'!H5:H204,"R2 · Wrong intervention/exposure",'Full-Text'!E5:E204,"Other source"))
B22: R3 · Wrong comparator | C22: =IF(COUNTA('Full-Text'!C5:C204)=0,"—",COUNTIFS('Full-Text'!G5:G204,"Exclude",'Full-Text'!H5:H204,"R3 · Wrong comparator")-COUNTIFS('Full-Text'!G5:G204,"Exclude",'Full-Text'!H5:H204,"R3 · Wrong comparator",'Full-Text'!E5:E204,"Other source"))
B23: R4 · Wrong outcome | C23: =IF(COUNTA('Full-Text'!C5:C204)=0,"—",COUNTIFS('Full-Text'!G5:G204,"Exclude",'Full-Text'!H5:H204,"R4 · Wrong outcome")-COUNTIFS('Full-Text'!G5:G204,"Exclude",'Full-Text'!H5:H204,"R4 · Wrong outcome",'Full-Text'!E5:E204,"Other source"))
B24: R5 · Wrong study design | C24: =IF(COUNTA('Full-Text'!C5:C204)=0,"—",COUNTIFS('Full-Text'!G5:G204,"Exclude",'Full-Text'!H5:H204,"R5 · Wrong study design")-COUNTIFS('Full-Text'!G5:G204,"Exclude",'Full-Text'!H5:H204,"R5 · Wrong study design",'Full-Text'!E5:E204,"Other source"))
B25: R6 · Wrong publication type | C25: =IF(COUNTA('Full-Text'!C5:C204)=0,"—",COUNTIFS('Full-Text'!G5:G204,"Exclude",'Full-Text'!H5:H204,"R6 · Wrong publication type")-COUNTIFS('Full-Text'!G5:G204,"Exclude",'Full-Text'!H5:H204,"R6 · Wrong publication type",'Full-Text'!E5:E204,"Other source"))
B26: R7 · Wrong language | C26: =IF(COUNTA('Full-Text'!C5:C204)=0,"—",COUNTIFS('Full-Text'!G5:G204,"Exclude",'Full-Text'!H5:H204,"R7 · Wrong language")-COUNTIFS('Full-Text'!G5:G204,"Exclude",'Full-Text'!H5:H204,"R7 · Wrong language",'Full-Text'!E5:E204,"Other source"))
B27: R8 · Duplicate | C27: =IF(COUNTA('Full-Text'!C5:C204)=0,"—",COUNTIFS('Full-Text'!G5:G204,"Exclude",'Full-Text'!H5:H204,"R8 · Duplicate")-COUNTIFS('Full-Text'!G5:G204,"Exclude",'Full-Text'!H5:H204,"R8 · Duplicate",'Full-Text'!E5:E204,"Other source"))
B28: R9 · Other (see notes) | C28: =IF(COUNTA('Full-Text'!C5:C204)=0,"—",COUNTIFS('Full-Text'!G5:G204,"Exclude",'Full-Text'!H5:H204,"R9 · Other (see notes)")-COUNTIFS('Full-Text'!G5:G204,"Exclude",'Full-Text'!H5:H204,"R9 · Other (see notes)",'Full-Text'!E5:E204,"Other source"))
B30: IDENTIFICATION — OTHER METHODS (citation searching, websites, experts)
B31: Records identified from other sources | C31: =IF(COUNTA('Search Log'!B5:B34)=0,"—",SUMIF('Search Log'!C5:C34,"Other source",'Search Log'!G5:G34)) | D31: auto from Search Log
B32: Reports sought for retrieval (other) | C32: =IF(COUNTA('Full-Text'!C5:C204)=0,"—",COUNTIF('Full-Text'!E5:E204,"Other source")) | D32: auto from Full-Text
B33: Reports not retrieved (other) | C33: =IF(COUNTA('Full-Text'!C5:C204)=0,"—",COUNTIFS('Full-Text'!F5:F204,"No",'Full-Text'!E5:E204,"Other source")) | D33: auto from Full-Text
B34: Reports assessed for eligibility (other) | C34: =IF(COUNTA('Full-Text'!C5:C204)=0,"—",COUNTIFS('Full-Text'!F5:F204,"Yes",'Full-Text'!E5:E204,"Other source")) | D34: auto from Full-Text
B35: Reports excluded (other) | C35: =IF(COUNTA('Full-Text'!C5:C204)=0,"—",COUNTIFS('Full-Text'!G5:G204,"Exclude",'Full-Text'!E5:E204,"Other source")) | D35: auto from Full-Text
B37: INCLUDED
B38: Studies included in review | C38: =IF(COUNTA('Full-Text'!C5:C204)=0,"—",COUNTIF('Full-Text'!G5:G204,"Include")) | D38: auto from Full-Text
B40: WORKING CHECKS — RESOLVE BEFORE REPORTING
B41: Unsure decisions left | C41: =COUNTIF('TA Screening'!F5:F504,"Unsure")+COUNTIF('Full-Text'!G5:G204,"Unsure") | D41: decisions still marked Unsure
B42: Reviewer conflicts flagged | C42: =COUNTIF('TA Screening'!I5:I504,"⚠ resolve")+COUNTIF('Full-Text'!J5:J204,"⚠ resolve") | D42: two reviewers disagree
B43: T/A rows vs. records to screen | C43: =IF(OR(Dedup!C12="—",COUNTA('TA Screening'!D5:D504)=0),"—",IF(Dedup!C12=COUNTA('TA Screening'!D5:D504),"✓ match","⚠ differs")) | D43: Dedup!C12 vs. actual T/A rows
B44: Excluded without a coded reason | C44: =IF(C19="—",0,C19-SUM(C20:C28)) | D44: add a coded reason in Full-Text
B45: Search Log hits vs. identified totals | C45: =IF(COUNTA('Search Log'!B5:B34)=0,"—",IF(SUM('Search Log'!G5:G34)=C5+C6+C31,"✓ match","⚠ differs — a Search Log row may be missing its Type")) | D45: pairs with the amber warning on Search Log
B47: PRISMA 2020 is a reporting guideline. This sheet computes your counts — paste them into the official flow diagram template from prisma-statement.org. Independent product, not affiliated with or endorsed by the PRISMA group.

Sheet AI Prompts
A1: AI Research Prompts
A2: 6 prompts for real review work. They make the AI your assistant — the decisions stay yours.
A4: # | B4: Stage | C4: When to use it | D4: Prompt (copy, fill the [brackets], paste)
A5: 1 | B5: Protocol | C5: Criteria stress test — run it BEFORE you screen a single abstract. | D5: Here are the inclusion and exclusion criteria for my systematic review on [topic]: [paste criteria] Stress-test them like a second reviewer who has to apply them to 500 abstracts without asking me questions: (1) list every term that is ambiguous or undefined (e.g. 'adults', 'intervention', 'chronic'), (2) invent 5 realistic borderline studies and tell me for each whether my criteria include or exclude it — and where they fail to decide, (3) propose sharpened wording for each weak criterion. Do not soften the criteria; make them decidable.
A6: 2 | B6: Search | C6: Search strategy expander — one building block per PICO concept. | D6: My review question in PICO terms: Population [___], Intervention/Exposure [___], Comparator [___], Outcome(s) [___]. For each concept, build a search block: synonyms, US/UK spelling variants, broader and narrower terms, and likely database index terms. Then combine the blocks with AND/OR into one draft search string for [database, e.g. PubMed], and tell me exactly what I would need to change when adapting it for [second database]. Flag any concept where synonyms could flood the search with noise. I will verify every index term in the database's own thesaurus before running it.
A7: 3 | B7: Screening | C7: Screening conflict resolver — when two reviewers disagree. | D7: Two reviewers disagree on this record during [title/abstract OR full-text] screening. Criteria: [paste inclusion/exclusion criteria] Record: [paste title + abstract, or the key full-text passages] Reviewer 1 says [Include/Exclude] because [reason]. Reviewer 2 says [Include/Exclude] because [reason]. Argue each side's strongest case strictly from the criteria — no outside preferences. Then say which decision the criteria actually support, or state plainly that the criteria are silent and propose the one-sentence rule we should add to the protocol so this conflict type never recurs. The final decision is ours, not yours.
A8: 4 | B8: Extraction | C8: Extraction double-check — before a row counts as Done. | D8: I extracted data from a study for my systematic review. Here is the relevant text from the paper: [paste methods/results excerpts] And here is my extraction row — Design: [___] · N: [___] · Population: [___] · Intervention/Exposure: [___] · Comparator: [___] · Outcome & measure: [___] · Effect / key result: [___]. Check each field against the text: confirm it, correct it, or mark it 'not reported'. Watch specifically for: randomized vs. merely assigned wording, analyzed N vs. recruited N, adjusted vs. unadjusted effects, and outcome timepoints. List every discrepancy with the exact quote it comes from. If the text does not support a value, say so — do not guess.
A9: 5 | B9: Synthesis | C9: Synthesis matrix builder — from extraction rows to patterns. | D9: Here are the extraction rows for the [N] studies included in my systematic review: [paste rows: author/year, design, N, population, intervention/exposure, outcome, effect] Build a synthesis matrix: group the studies by [outcome / population / intervention], and for each group summarize: how many studies, which designs, the direction of effects (consistent / mixed / contradictory), and the largest and smallest study. Then name (1) patterns that hold across groups, (2) contradictions worth investigating — with the exact study pairs that clash, (3) gaps where no study exists. Descriptive synthesis only: no pooled estimates, no invented numbers.
A10: 6 | B10: Reporting | C10: Methods paragraph drafter — PRISMA-style, past tense. | D10: Draft the search-and-selection part of my systematic review's methods section, following PRISMA 2020 reporting items. My numbers (from my PRISMA Flow sheet): databases searched: [list + dates]; records identified: [n]; duplicates removed: [n]; records screened: [n]; excluded at title/abstract: [n]; reports sought: [n]; not retrieved: [n]; assessed at full text: [n]; excluded with reasons: [reason: n, …]; studies included: [n]. Screening was done by [one reviewer / two reviewers independently; conflicts resolved by ___]. Write past tense, neutral academic tone, no self-praise, one short paragraph per stage. Mark anything I still must add as [TODO: …]. Do not invent numbers or procedures I did not state.
